,L0,L1,L2,L3,L4,L5,L6,L7,L8,L9,L10,L11,L12,L13,L14
0,0.16587480175251063,0.0358658674648758,0.012638832778019086,0.010017855202428311,0.022550362636571064,0.012128693232905241,0.017738289197483076,0.017565094000945764,0.017724407756997736,0.012958945222021394,0.028161319893916223,0.022139628191594738,0.021714669866098997,0.02834986032173909,0.03139434047459985
1,0.18002347693871465,0.037814892377582336,0.01061260068876341,0.005765390629310873,0.02092147101700991,0.01221530262542888,0.022867543614171523,0.027508684787362563,0.020203808991697634,0.025079841037253605,0.032282858246916665,0.024597920129890125,0.03279441393428164,0.03161398592036904,0.033715981121770634
2,0.1778692837474371,0.024021336592591883,0.02254434640233035,0.01644831145115476,0.009717682443687807,0.012521964814756571,0.019439587011456483,0.026485968702938255,0.020950128753741314,0.0241386246539052,0.02767729807188232,0.03182443740074409,0.035472431117937166,0.033132975555149054,0.031481607817649644
3,0.17820397589627301,0.025817546002241183,-0.0014251762626053593,0.005389845875635005,0.004603835097080948,0.006161312080150641,0.0055064247627443,0.014721753806934634,0.021229215571060348,0.02400693393822407,0.019585179997142623,0.025352012036974722,0.031081134754765982,0.03589308613359892,0.03844003226508333
4,0.18713390428285318,0.03689313394890302,0.013139757490505057,0.011455747344418584,0.004412369089930858,0.0035338739844816714,0.014689451416984368,0.016331108451502558,0.00917529437603646,0.012396821917133372,0.022202458215565775,0.022521581620163482,0.025451809271636053,0.04536086510151418,0.033576647422128486
5,0.16671845336797994,0.03866622366043807,0.016889683725023065,0.0083383836951413,0.004767980869947025,0.019580268088568237,0.017483805444129395,0.020849449037797462,0.026413448083807835,0.03466011446431459,0.02663228372677041,0.03434615498383087,0.03666231306285225,0.04123188866630703,0.04419066973078823
6,0.17813039345360152,0.03566369069218852,0.00864121719238294,0.010120705450173462,0.01476684020185776,0.014506295086598765,0.021971221371856847,0.019798643909923763,0.029035627175544167,0.02805801040930853,0.023268700208559076,0.02794135254519952,0.03385362312843385,0.032141340075360056,0.0256154773851361
7,0.19149720309270735,0.02649043829171058,0.004379621257549818,0.013964538574672093,0.011565752524422539,0.01259031994868461,0.016470792109713736,0.010528432944986277,0.012985929274823834,0.019349257676718516,0.03421835380313538,0.025094420317457646,0.021298313305575363,0.02143054177109294,0.02269292392492077
8,0.1712342064088324,0.038120023208150715,0.02473493580385264,0.01477700007570492,0.023041013404800192,0.007324414604618648,0.01216725402749082,0.01880952281770104,0.018244886639165032,0.02724669681095753,0.029336291425535493,0.024166100368132697,0.030126010576208166,0.03690917274906954,0.036634204250623484
9,0.18200028928199072,0.03659561073050858,0.019466869236014483,0.012496216889280383,0.021271638180417524,0.013221144410997636,0.007863508799306638,0.021968907940467682,0.017659105852653886,0.021858913684132016,0.019330604891831478,0.02300287495424734,0.028236438618519853,0.023477399698429033,0.027573645452906633
10,0.18378171145994893,0.04423813131182572,0.02115038837620403,0.014839877860210592,0.013623097441134829,0.012220840659941288,0.021042510857769314,0.022367022925181716,0.02231099240623983,0.024863887056046186,0.028498192939563374,0.032342917316813644,0.028466254384826098,0.03557519699839248,0.035693896646338
11,0.183535575781791,0.03441067140061454,0.02104460135587897,0.01964656092793657,0.02188692250409677,0.0188089448756141,0.02741021330225633,0.027134232788445668,0.023091007944238087,0.030258290962947396,0.03624711058239951,0.03716262571258945,0.034232250439574424,0.036293213194507984,0.043234797550135456
12,0.16088634719592862,0.018790464203233787,0.011048272376793636,0.011289986447755272,0.008460644830045024,0.01788889590950413,0.013561362150322272,0.018842361495131906,0.008167293431918103,0.010653462203543249,0.021095098288231903,0.0216577998361793,0.026473730570892404,0.024073593352140425,0.024049876592079775
13,0.18033624704180276,0.03651343610818169,0.018161703795751778,0.010155079869828304,0.009684826539668184,0.014687619222345846,0.016831310431976304,0.021307668540033117,0.0334658669817339,0.02761207273216373,0.03433629523861402,0.028390588584071865,0.03084468547783856,0.033367225699387625,0.028906192065528025
14,0.18379200132291518,0.03506307438384745,0.01824318467222404,0.014805349887688557,0.016677568870727258,0.01822868765195304,0.017385195286807383,0.01876477114780951,0.021072049066819944,0.03220054951951517,0.028097313118681425,0.03770518272042963,0.04058049746598599,0.0414390350245599,0.04444471384219386
15,0.1660411578969757,0.03692577843538089,0.013104611160688874,0.008175356414759444,0.017116384688784802,0.01758260304289456,0.022044963352543794,0.01864677506830845,0.015375983938681868,0.02574637975943216,0.025580660932377708,0.03149849579625088,0.027889678681895808,0.027434406727793924,0.03558894274901516
16,0.18922694607064514,0.05330013531482556,0.030234209999443665,0.00836772994891049,0.010509736940127867,0.006496438027930913,0.021268608070309232,0.027788827973027064,0.022936778227057905,0.015084627673214954,0.029417927070325842,0.02297372572028021,0.024406656012936387,0.03623101729276718,0.04570440072814351
17,0.17093905021444528,0.038703533326775945,0.01720283468341868,0.014572995096735165,0.012941729445266106,0.007536977390821522,0.009484663696603621,0.0022579474366015533,0.01243052775365847,0.0210098433354422,0.019157059825340203,0.019626834986562407,0.02407821332370237,0.03141761993166956,0.03532871053171605
18,0.18047823364416468,0.02749067199791586,-0.001576307990482782,-0.008466661309341728,0.008781168239708127,0.007768309410351252,0.00835134398763001,0.01146062953102107,0.014315379306548862,0.03146932330382755,0.029098935337232505,0.030515406944034998,0.029989399847954106,0.033883026366556844,0.034176039732713166
19,0.18082484911018265,0.028909394496211684,0.01313867017576956,0.0186279819317935,0.015968711100764442,0.021826731027318733,0.019102679261865478,0.028988706407503437,0.03161888187345548,0.02010448355439302,0.024551330755033473,0.026929632621215983,0.030693013841551604,0.04156106801538354,0.04848216062299354
20,0.15463458893004783,0.02251688800574019,0.004623968382130657,0.006720980079737564,0.012523983742165238,0.014076727395033899,0.016173666821332245,0.02477857043919201,0.026669518378092057,0.018432488222767187,0.015696819059489005,0.026541495837518615,0.030663006593469697,0.03087569604328536,0.028618086323714098
21,0.16218914424804648,0.02975231336210106,0.013875853487966362,0.012667692245913199,0.01036488943595289,0.019326599937206358,0.010239300662220313,0.014646519826726637,0.02612363967719836,0.027707440414658512,0.019135974996446314,0.024225205819105713,0.028329104134797847,0.02633353457361265,0.03220674590712273
22,0.1811294030626976,0.031779214992909456,0.003799261348807747,0.008741355413018473,0.02125889027089347,0.013423504677387761,0.019339966696329317,0.01964423260371829,0.026075715509641426,0.024570583038543564,0.018282908992985732,0.02361151273624562,0.023741318376256218,0.028507704443903024,0.03225109638591813
23,0.19048286842743806,0.029140700711857,0.011585343206214783,0.017868859878129428,0.012188557497690952,0.010532845455566011,0.015385980002841963,0.02541404574298498,0.02192408975767152,0.03256720194631252,0.026324157315208655,0.03431207621875755,0.029803934180837186,0.039085736388650996,0.02704282441750505
24,0.1745352640054872,0.02785031582627502,0.004484052606219465,0.002942633781013863,0.0006613325718765646,0.012278940562785483,0.018980129166644658,0.02062214445771222,0.01857531814344449,0.01516897242457192,0.014702297931348394,0.023721803960291513,0.031819207448560316,0.02868405983880398,0.031549662462808575
25,0.1446736431828449,0.011265537757317595,-0.009853843432227113,0.016625852340350647,0.01810714270000651,0.016542159464107288,0.013153414966152934,0.02169511879224327,0.02019518509757961,0.024104284420981868,0.02854527096923371,0.025286025630029702,0.023822633678284313,0.02215998950129176,0.032109499208657355
26,0.14998616236450546,0.017214713980721365,0.006804353255159814,0.01296474338148678,0.0072779686284603256,0.011077980448620253,0.01132093199089374,0.02666345111554129,0.015171092066149278,0.020339350549743746,0.025367719790743967,0.024293638785098187,0.03187485012099281,0.03539573453775088,0.029218320333427576
27,0.15837866555791566,0.024809959057425602,1.8051548345259763e-05,-0.0037300223236997987,0.008035543129899656,0.01620249268550593,0.01633892149272202,0.012266046331185436,0.010667297598614242,0.011810905916167937,0.017631224659188715,0.017979472298182305,0.020051257865309306,0.02846681747019309,0.03133694046519648
28,0.18503406312766488,0.03898517359323982,0.014791795989066627,0.016053963834530127,0.014415535645009855,0.00775477287554397,0.007560672113283026,0.02391935378256122,0.02840334456570609,0.01546533456222493,0.01797731264056718,0.025195449068275814,0.02858370916871159,0.026919162410998714,0.0386153271021166
29,0.1600059149986917,0.03655765772989581,0.013739195844710634,0.009582886600852462,0.011891126995863149,0.0162891171386427,0.015223178087743736,0.01794820423007361,0.02138677110282995,0.019876759104499275,0.02697866734871605,0.025322179930687874,0.029077653129750785,0.022530008895518108,0.038659715154324426
30,0.18424402408560545,0.054186643039761985,0.022354080498467377,0.016873703409800836,0.009947377612228489,0.0198948842240396,0.01706303765786803,0.01641664008093356,0.014623660479492937,0.023460619021361994,0.036161046039375234,0.03120613438111462,0.032999279458001,0.03358096702222693,0.03523241177482075
31,0.17610428687818958,0.033886454403499175,0.005090619436184991,-0.0017892382392580256,0.009018888535980167,0.010787265245586826,0.02363121364955578,0.02279148259783593,0.019612545635515698,0.027948535943791167,0.028962981298609622,0.025867110139535753,0.028170150462986036,0.02791714544548361,0.02824318173964487
32,0.17269128436279232,0.03038764034176054,0.007312355685755433,0.00964761444413323,0.013819785906331797,0.01805604568999635,0.019080730710606907,0.02401325105051063,0.022151144891204205,0.02257123526369797,0.023008237679414182,0.030642476318607042,0.03504466935343955,0.031774795728079216,0.04338406776820837
33,0.1635913424533582,0.05178662759431437,0.022704769576022597,0.008184109677027773,0.012994667099312261,0.011337275817351113,0.015578194863949056,0.012197465852494252,0.020900015047925817,0.024203493180661166,0.033542994044856674,0.040064670713577805,0.03313828241158404,0.03457231326503919,0.03616723921035206
34,0.17507983210426784,0.03347516751255374,0.021676307693935623,0.01774325116787149,0.011390023323882992,0.014359833597981125,0.009277918895409793,0.011439757750067489,0.01842395605193482,0.021668682584415,0.02226627382786432,0.033212834262083074,0.03150919906478897,0.02915925136176923,0.03642407615959665
35,0.17288519476183642,0.01820999817016866,-0.004806148215613552,0.00011933415313343515,-0.0031002332451434637,0.005447334832908805,0.008243515923214094,0.016198470447801715,0.02072339208137043,0.010293509625849222,0.01830434281000858,0.02775594184879991,0.024871884007158417,0.024919143680183907,0.03170526705688065
36,0.1836632744169742,0.03885417235207374,0.005966710344456693,0.01577518071947405,0.013255368588561363,0.005720893069849475,0.011374787638310478,0.02107415250169764,0.00801434684669648,0.017876887748775445,0.01856518093559987,0.018583436691183865,0.024973452719409872,0.02493482691473588,0.027127947641245098
37,0.1735534373144395,0.022505341376708746,0.0043019221907313445,0.0007966729191411513,0.011853645246174958,0.01615952123621505,0.014204393621675863,0.014792746430602561,0.009432378815272225,0.012219197689069275,0.025584358716223245,0.03093603039059685,0.041984741077553685,0.03504820477220232,0.03517145318783314
38,0.16272168822616653,0.042671649897500136,0.028909272906697665,0.01882252798067066,0.008391757392090676,0.02040847347537612,0.015273607771140445,0.01732142605513356,0.021335988215530694,0.021835133161766943,0.02789575670242557,0.027351853623210808,0.025032270930886405,0.031427794563977735,0.03236666008146796
39,0.18109673400993892,0.036488848027121566,0.02346486358870831,0.007206332660717409,0.016470529200146813,0.0015502112346347716,-0.0003009128367320595,0.014625109133022236,0.019218797219258885,0.026587165535204068,0.029914940930741183,0.021057313477071248,0.028919623141272624,0.0327491538644462,0.03522624679538442
40,0.17787036025132394,0.03317534497391858,0.00746635341818352,0.007925804978099724,0.016997071339540468,0.009089120597447693,0.02697421895675158,0.025218011982961547,0.03401433322000897,0.023889684762157706,0.03160328575901925,0.03645427563111463,0.02940197212065501,0.03561857882060188,0.03667701455072894
41,0.15925082451119454,0.032060091659654774,-0.003979994634349227,0.01258975442715282,0.0038106728827437867,0.014166135453129688,0.01236121487348729,0.011740888142915594,0.017370014103900277,0.02251853426813707,0.02103049916954062,0.03408586673693698,0.02398941083676893,0.02271632262064163,0.023479736641441117
42,0.17192516053349066,0.0271109616098912,0.007580776910000222,0.0030344522479221142,0.011993155373436776,0.0064986809556024875,0.016987882851280514,0.020812470918469876,0.022151625005872484,0.02422690386470673,0.03178236527917657,0.030211651590542843,0.031158639927392318,0.03237299589981728,0.04021305485202593
43,0.1712646214081051,0.030148293998059645,0.005393145626006627,0.002722818155840486,0.0012068897990101532,0.009929627831637911,0.011212176529715942,0.010833778720769129,0.020725240803650704,0.015499147285362357,0.014933169403232404,0.02045819487407164,0.030878958030447337,0.036991173331796565,0.03143189812857231
44,0.1731059658897258,0.029855902113949378,0.00799685524730073,0.013301127674696841,0.01404607503069719,0.017090210036846236,0.023867119276255847,0.017210020874854723,0.02626906692805239,0.028000257524521566,0.03114239736684475,0.021285339532891745,0.02827120223032864,0.034173654524354016,0.03132656879319454
45,0.16966401484832558,0.02638032812331987,0.01214711553685027,0.010701956229680457,0.013679445930531315,0.011890448508297057,0.01697919511616243,0.015448535891970702,0.01119028152840367,0.022948125024420993,0.02713808412384068,0.02516589392306263,0.022492720863619153,0.028564289861807275,0.027282658302557453
46,0.14439857126875835,0.03623851799993569,0.011499693976212283,0.02037439029032749,0.021809754355952542,0.010616840258321904,0.0041155049946251555,0.011107108373504022,0.013201173956780386,0.016356547425605272,0.011199802282902276,0.028251047693657643,0.02812108956811487,0.03093403441885706,0.04837225332272491
47,0.1484753614457512,0.02452541260351507,0.005539189107636958,0.008418801702450218,0.0033021724430097664,0.0011559504690815013,0.008407969946088584,0.01820319429459551,0.023886019364337877,0.028210739221782306,0.030263882381236545,0.02290305982570405,0.0313164187956646,0.026468987806163673,0.029948351899165688
48,0.1683381664923758,0.035571283498977174,-0.0003166354220489887,0.005051645623021512,0.0036277155740869083,0.013071782063571838,0.021319269695605873,0.015098063467345622,0.020885630468585183,0.03085681813366656,0.040225062829570446,0.032092973187166446,0.025840231861466518,0.03111263938450115,0.03431366558543282
49,0.1743638035623819,0.04853340971513064,0.006226980514220955,0.0056419861402572085,0.004355695406364,0.01829026552005149,0.009576850382223561,0.01119464149871869,0.02015137378402533,0.015320471686377676,0.026087933134057512,0.022161852706753818,0.025367044997259145,0.03390688933318515,0.042994529473069004
50,0.17386611951877187,0.03361047275166599,0.016294137468805717,0.01861673072629859,0.01980380752240768,0.017491330096646298,0.014934435341877788,0.009929222231776648,0.023249726264874697,0.026356893234463868,0.029640367110709394,0.03452026010988516,0.027988315442691307,0.03295135191997247,0.04559879111545555
51,0.16608875182656868,0.025681692474996035,0.01270529573647059,0.01164860543288651,0.004070687474542683,-0.0009400403477815918,0.018795390877266123,0.016324888952062928,0.01653364584435394,0.020710444379134534,0.02371981593955943,0.02233288721479136,0.023446562578071057,0.030894727616635878,0.03345968892899174
52,0.18426227205721935,0.02524551145757607,0.007615534787934677,0.006345350422966797,0.0030489632722122554,0.007683961770205506,0.004357108674919427,0.0011546914175425281,0.00917673334648268,0.016427549301055354,0.02582030441095324,0.021764393591201813,0.02585710276123514,0.03387647131756578,0.036693819438602907
53,0.17151483062292697,0.029576390140333926,0.01192034278489475,0.006485101054119967,0.007055339221731829,0.01080670399680526,0.017117363956896916,0.0159517798979094,0.02419218060435578,0.01769730911421365,0.021781260360151683,0.027750511697137378,0.023279930973093155,0.021358024234680174,0.027372417719806173
54,0.1655550263471016,0.01809779042641236,0.005477664533293227,0.016754025605785518,0.014762249768981855,0.009165248879618844,-0.004351924152746757,0.012152304209535256,0.021778561710512203,0.01491822592186142,0.01343169065281182,0.024208498162385017,0.022630733977152134,0.034060302860913313,0.029517163904892625
55,0.16780520638419938,0.03349274636829558,0.011278352246584793,-0.001158361412613627,-0.007872990298404913,0.001976370188501363,0.013286540251016716,0.011586348404631294,0.009565440131814974,0.017942228816547542,0.01789168967541042,0.014662463343631185,0.020747400147283417,0.019633358634976353,0.026161061733845713
56,0.17908248021620557,0.05033863142371631,0.02411561977809095,0.021828807597965134,0.017568448125111585,0.017244260221969055,0.0226465609800129,0.012246929598007135,0.0164659344281143,0.01616123133248759,0.02348469194246562,0.034831073458640505,0.02889005307396287,0.026644729228551666,0.03298820743631945
57,0.1801501325239897,0.03459266890369278,0.007853556415007762,0.012685873960242322,0.023462186876311172,0.01978471886935105,0.02302210208409028,0.02135872811545203,0.02473475766230443,0.029287490781633174,0.03136468735257823,0.03864197456825942,0.036954625718813444,0.03967661286120243,0.035944080301811426
58,0.14876793788915976,0.017339889731471398,0.01765084431521528,0.01898441284580714,0.01016410877708452,0.011654277706859582,0.018314200071162592,0.013767257257208359,0.010418938532012471,0.019121231261660543,0.015377086146453257,0.024448387071359087,0.026843054510765116,0.027354131693607817,0.03028972188174182
59,0.17942154179938002,0.02406153929938961,0.01631622061153975,0.016861028241817545,0.013380852269439332,0.0027770973727803457,0.01578783256393769,0.011202090255196799,0.02869073521612805,0.020605867679124798,0.024499817067678606,0.026075216271510146,0.032085285992181675,0.03988331131694795,0.03782936626989919
60,0.18755699988054442,0.035581211707814996,-0.0006224103222088489,0.0015205285063542664,-0.006514754586063686,0.0025895634251153197,0.00838141060341776,0.016429674000401445,0.021214156880983274,0.018239279661799626,0.014452077265808065,0.015112674598280576,0.02979479315647377,0.03536377990273441,0.03442740781825307
61,0.18393462759888313,0.03000538290870566,0.016012841540768246,0.006392786115717739,0.01198396601448639,0.01760266117980889,0.01049112868523228,0.014959271688246447,0.025785562609461753,0.022265057968163478,0.02471329564820483,0.03137139367030309,0.032422828555003336,0.030055112482039306,0.04323888412559402
62,0.1723559765176716,0.028253415907288557,0.005121994534268944,0.010524908044793039,0.011421374350902323,0.013777344399453011,0.013195778413259023,0.018541417683209716,0.022652074481834785,0.022675273275285294,0.02692808940660971,0.023419185124152853,0.033541494820335124,0.03177399475675064,0.03681505459118576
63,0.17977644779159704,0.024678070187815235,0.0072351824531317575,0.006365803201954259,0.0009691576874126447,-0.004096279163811625,0.002316665201124566,0.01587402258282751,0.01461191732534429,0.019306683333249114,0.014953418106298029,0.012098539042658472,0.011623858360682068,0.02246343155012355,0.027149865596759033
64,0.15363671745469498,0.019548176798230496,0.010979987060244634,0.01953356741246702,0.022291788797966245,0.013927289361485367,0.013088159982841418,0.016442004179799033,0.01950193140233493,0.027807032596389187,0.03167463518791396,0.01902482571471221,0.016708557351344376,0.027348521417250055,0.040188398456554
65,0.18756963337067672,0.03086787703921871,0.012067323345264561,0.008428619830515351,-0.0004072062394368518,-0.003943255407307959,0.004714164397745977,0.006234243104512008,0.014194712919816511,0.020624143686844357,0.025507535133365452,0.03171817451019422,0.03137583194107373,0.0278695532390792,0.032600167018045946
66,0.16572844477087922,0.02561808417190272,0.019220949425022258,0.022243364348888846,0.02010683843772682,0.02050479618928036,0.017207290329306985,0.024195434128346995,0.03273825515575805,0.02940263355071525,0.03213905339510412,0.0414386527793211,0.032094270628895555,0.04046662690771133,0.04322686147423377
67,0.160601928576622,0.02513701135741143,0.005979518116696448,-0.004876204151017609,0.009498421269133105,0.013414611785129277,0.006145244632512125,0.01034391246681249,0.011817693898280378,0.020148273675700008,0.024597341554694417,0.02813773911481838,0.027185966730735738,0.029224014963320426,0.03723687385603898
68,0.15683463595822295,0.022137775614818153,0.004286866790723234,0.001430319624308036,0.015580462781648576,0.0270885613114578,0.02155865020919109,0.010314748757171272,0.01997385984946454,0.025853698245887256,0.011641910186574666,0.02666764586954679,0.028586731348299463,0.031009528774819453,0.04027670137237274
69,0.17087300648732173,0.0372203469774337,0.004552442589886886,0.01225641119668503,0.015506509401947128,0.012938665553093314,0.009518483800449312,0.015451573980319988,0.022140373006332113,0.021955716904869676,0.01885061600268056,0.02711933312042311,0.03161620018087735,0.0239164649521908,0.033351915237367635
70,0.15765404994575039,0.022521192492486963,0.015118796319178942,0.004469655738387222,0.013516021655220787,0.015652311617517484,0.005830617772866194,0.0121503718847598,0.01581974136065452,0.02087191030909246,0.02443821344947813,0.030907339960031185,0.029269340017292922,0.036137602562445914,0.0277578469460749
71,0.17615882577218767,0.027515902708189172,0.008665192413985062,0.00672526397728757,0.007958191708032355,0.0041678254165520194,0.012491527346393154,0.013190713227918918,0.011370480098232856,0.0195609279404556,0.021452043182302167,0.028898055626264976,0.027382934256485095,0.03113352178908719,0.03904315291963592
72,0.16103573206254534,0.048256810275918716,0.01614534937247033,0.02251160611808574,0.02242882334313652,0.015898381516199156,0.02109100973941175,0.019295534633356384,0.02318547068295846,0.023182922679550605,0.03227092862729365,0.028674796315719384,0.02768686304064409,0.02872145557421564,0.03824134156005053
73,0.17572181742263843,0.025118894817650908,0.002183581336860286,0.010233280816056303,0.009696365102646775,0.013791740235625115,0.009347472904756566,0.01948666106896359,0.01319597591718889,0.017473577742950365,0.019581245459562434,0.024877244002986843,0.03215547799906982,0.02948213946024394,0.0347255042184131
74,0.17352258706285925,0.027152526602611086,0.0008563537237612327,-0.000617733753262536,0.018144986059622878,0.018914160530263555,0.014313817937712442,0.013579580820669889,0.01563158360878255,0.025600290730466956,0.030003874794518295,0.03185051786615337,0.03089574146029478,0.027319538522991783,0.03939202395798309
75,0.15047124606881374,0.020826870910362283,0.009832037126112895,0.009580075064806518,0.014280552460424346,0.008901420341821568,0.010425243785525194,0.0162225111554284,0.013960793206267372,0.015518746815716435,0.015507913129668696,0.025021968920762847,0.02573562529722514,0.029549515182032596,0.03233299175065307
76,0.1656677779792132,0.04694882708122345,0.009904847177269027,0.01738266749366608,0.017155288331317284,0.007008176905618173,0.015114055800803173,0.03141064131995838,0.017547796041994992,0.022954488195027878,0.025096562747532723,0.027371211805604728,0.02997111731614721,0.04136448013996585,0.043277072866834035
77,0.16526758394285138,0.03419594639625901,0.011892082460701558,0.019224884980596393,0.006799607535120713,0.0013961603741597106,0.018778479200300263,0.016765624001343207,0.018914364766512648,0.02112299131754821,0.02293669306898607,0.019919201671041734,0.01725617441289839,0.03733243949057465,0.03630760048269272
78,0.1432822995436314,0.028465501357022447,-0.00572241010691271,-0.0034984357441734224,0.0038784256191658683,0.007680314922020369,0.004626623505761948,0.009065949077611844,0.020082498615752366,0.019694206291613614,0.026290500499339127,0.02397368884483668,0.026974964547322976,0.022975136152733656,0.031579197145310794
79,0.1746869901479551,0.032536299598262985,0.006446027845829356,0.003835168519097652,0.009284954915488195,0.02615572804937033,0.020801430821472025,0.021080391807337083,0.016566498438035718,0.021132981796960923,0.02552885211956746,0.023627628945155053,0.02870722315170378,0.03609123983456837,0.03425511487944035
80,0.18215667152206338,0.047815324560086775,0.023456158632015077,0.0176455712848688,0.008783952282318907,0.014232106914338846,0.016193460093555892,0.020098657559559335,0.02045777935266047,0.023693089383941282,0.026008453697741046,0.024291301339273,0.035511616522907644,0.03977380159682828,0.0389373724392346
81,0.1738280016524495,0.04536675438325933,0.0043922706079539174,-0.00046316614171917393,0.009274836748282674,0.01935620874597853,0.02545781339548468,0.01378176111242944,0.01833835049512976,0.022249741570985294,0.027171934432582045,0.026264910502955756,0.029407908060707446,0.030329130904920707,0.0359308696368001
82,0.16616044723076698,0.04100757727887309,0.0038282959903881263,0.006046050895181266,0.006176329277511003,0.005171106318826614,0.014574154916848794,0.01364517318576831,0.02013272815398562,0.030142121607332213,0.029932978591414958,0.03727691246377775,0.03277170372899958,0.03726634645082677,0.046398274688104216
83,0.1513885534962646,0.02752191360673844,0.01045050271809015,0.012358417200786787,0.012630186693930578,0.01578765192188185,0.009377882120773895,0.01836971821571393,0.025231275737489383,0.02040869337352219,0.03677327230273973,0.03748723871412217,0.03500648803013344,0.03773161780273477,0.034733827003667825
84,0.18482336228533772,0.03658310943164295,0.002961105915898668,0.016760980355500957,0.010188793393818658,0.010869302319139344,0.017502613543270557,0.01128677833345083,0.020042103611099364,0.02279507618110363,0.03235805993669193,0.03930502813754249,0.04248288262715116,0.03902109751457434,0.042412624125556596
85,0.15545231469285695,0.024515573909813803,0.004047320346176766,0.01230040698156697,0.017861956711376917,0.014432834509790235,0.009445778602390032,0.015187720003793141,0.01977310805213312,0.022523770321958122,0.02849453961075686,0.027229365156709467,0.03009182931950379,0.032043875889077734,0.037173715325614094
86,0.19899681510570713,0.02550056782149087,0.011136384625496333,0.019089913465965554,0.005307771832930966,0.00611651254699055,0.017313858556924737,0.024421813173831373,0.02447065941229433,0.030011504377956046,0.031175315145304878,0.02377984648006888,0.022215024701355803,0.024471725333352304,0.036398339923145395
87,0.18734866036526476,0.03982785672920908,0.02412774311997167,0.01061438740704147,0.012239481371604596,0.01524433842604673,0.011817452266095128,0.018017676027139714,0.022213995419849534,0.02225113601254477,0.024328494851138232,0.03412317660364761,0.0379382961689361,0.041598094808730904,0.04938664513847521
88,0.16602525728674525,0.03661767752737474,0.015927024214667036,0.0052342183221682,0.004932311423093013,0.009506549401297592,0.013409071205772838,0.01851595102136813,0.01878865309649114,0.029744086765266083,0.026945921884064583,0.031953016920306256,0.043861995067152534,0.043871560407600416,0.03819223927459181
89,0.1641786485930029,0.026891505494105548,0.01716683711918176,0.002189747123830821,-0.003670100114557427,-0.005112581852223365,0.010829591524770608,0.019829281921996945,0.023083287470055686,0.020517209911689243,0.02195124889630154,0.033052318379041316,0.02844710833859604,0.02337540575981324,0.03366720536466412
90,0.17084502589565742,0.0336631995628809,0.0033853159076599523,0.01016985182225651,0.00700637037027672,0.011825171670123473,0.005972659521536677,0.01854601808314735,0.019378904789593473,0.02546972993089298,0.024777906145564643,0.020025541499406795,0.0306633571098271,0.028827587187591677,0.025328775407798314
91,0.1827380996917684,0.027440466694076297,0.013337630322132117,0.013895395186155315,0.0041888261642735545,0.020462596978304087,0.018482537403022664,0.01965289153109179,0.016757790698145446,0.010867705889167968,0.02150815484114944,0.02605988416040403,0.030067779207978446,0.03204751830942381,0.03738777124053216
92,0.18726520574237251,0.03147136171661401,0.023443168283579716,0.015060465171766338,0.0014108414073943287,0.006723131813695574,0.021538948004674832,0.019169729138921898,0.010713103369749738,0.01592143806621159,0.027936853481429505,0.02401935828336376,0.026558930176004,0.03186670837510867,0.028197604579170157
93,0.14318395685115617,0.012647764216359233,-0.0010080494537172333,0.0006025362295806872,0.015160154298405152,0.026471713634475813,0.011373344946264722,0.018587613439054393,0.02267792080757544,0.027618239615537946,0.019593814541263545,0.018140463957534252,0.02848315868309821,0.016933896276677785,0.02512558288337816
94,0.1769326184995954,0.0396357237455065,0.016433232779675015,0.016976271966894316,0.021067177639038488,0.019560101526606775,0.02376110917488007,0.018260595736617938,0.021051841836990735,0.029135419254042966,0.03423609699740962,0.029014592673948687,0.02922915837428481,0.03180721295005293,0.04099738065434381
95,0.16883204597260934,0.03857842125207333,0.02218952867681859,0.003941452966829125,0.014316051761497191,0.011234892719653854,0.01790572029993151,0.008080723275033543,0.020758547736897854,0.022619606179969377,0.02167493125845668,0.02587436521657473,0.030712460235421728,0.038748535326691015,0.032277837094391436
96,0.16779881165270075,0.03374788328427017,0.019506384834526398,0.009019591607562738,0.010690793338015309,0.017216060682499732,0.004954607638475948,0.009892832348925823,0.01939881853984802,0.01553286833096622,0.016174861955372672,0.01570241832552856,0.016621546924568943,0.025058269970195,0.0329430492181284
97,0.15594093758248917,0.019642671107566265,-0.005828135962843132,-0.007827058019780486,0.0019017991990825898,0.0015791022440494974,0.010079313990451314,0.010925118991680308,0.011705600095418309,0.007283828261435318,0.013178576642808111,0.016800346322259633,0.01945073473606223,0.02331704587825515,0.0324765151090687
98,0.1872847181013119,0.036050173271143654,0.01464554619172001,0.020097335551656444,0.020519486369505492,0.007624672215093508,0.009148101033335455,0.01269891457333637,0.02594278359259967,0.03378146185418851,0.027075771952173474,0.03019514455454815,0.035730720853908306,0.036945874473774544,0.04574029155725019
99,0.14354083070836776,0.034008777567737576,0.016787618875582867,0.004736481595496802,0.015079276285886213,0.015442570279372939,0.013512543782472242,0.009895667188535719,0.023052096618263677,0.02306191525982422,0.01643322527258255,0.01986310788080789,0.024722403392462636,0.02730751399016616,0.03286546890778478
100,0.18096407897541586,0.024516922053493963,0.003495689697452447,0.0017741474675827113,0.004333750189770867,0.00822640860980231,0.017933900260821735,0.008244748047377395,0.020602023897801337,0.022075238560854502,0.030565936302838437,0.037158153123484604,0.038698658783237694,0.03436440012621062,0.030257398533512045
101,0.18706828816749577,0.033954609059814615,0.016348235967551215,0.007298384451858651,-0.0011554389850953447,0.005926318225104038,0.0032301762259560845,0.012450341880174394,0.019590279099685404,0.024774754095596842,0.021161733477365434,0.029892165799655885,0.02316886204167261,0.02105301885324226,0.026079280718879543
102,0.18811640299775959,0.044508507334635,0.014968967567777587,-0.0017898168824821287,0.006286406403398762,-0.00027266604212725255,0.013390807816573914,0.013773637646372293,0.012982518694242764,0.015464455326761214,0.023633376566809604,0.025222875414291968,0.024445183045777433,0.03215890472455769,0.03826587052875494
103,0.17488318528021068,0.03462527392040069,-0.0004932321250208381,-0.0019284217948497006,0.012580803357724813,0.014851308172519716,0.011175984563953063,0.0136723223260884,0.013946974726859672,0.011061367759095959,0.011931328506420327,0.024419061713351432,0.02577221097181246,0.02558736028431342,0.026310870196638917
104,0.15486168893372743,0.024187821100161263,0.022159783604645406,0.019345136595221763,0.01827725751195304,0.021064562450331236,0.02229825625855384,0.022625603233337552,0.021002030272233255,0.022582440220761807,0.02814463196711929,0.03727676631744444,0.028339199873595084,0.0371931593011938,0.030522506219506314
105,0.14756297220790995,0.025666955555639838,0.01722477728773597,0.011703065136497444,0.031158943853754686,0.02033234000275539,0.012938376023598597,0.01899376585746,0.02805193713099378,0.02721761208234076,0.02490910014311951,0.03518739626612341,0.029169451798145025,0.02913176067051389,0.028699120355146063
106,0.17043275627517032,0.03227590800652061,0.0018143894753371154,0.017296256928526932,0.018591295702393453,0.011428221836345318,0.018913163721009766,0.012114691468958334,0.021693369797042075,0.026499454430312385,0.03253869281898408,0.03939303124878471,0.036933662272628585,0.031615607311061306,0.031214580247550423
107,0.16554270630153348,0.023465920191641388,0.0006897485712263851,0.005830736415744057,0.007812608061210953,0.018135050719963366,0.0143367714617153,0.010236306490892775,0.013945079203866485,0.012771635265252636,0.02148850986524164,0.024248364970604196,0.025745701844342973,0.03528060004647653,0.03309134137511096
108,0.1714031516337233,0.039782790673229436,0.012507591065399233,0.00984035031717431,0.016626600770024272,0.020196663459323787,0.020252975902311378,0.014700723605231173,0.021206116451679448,0.019519477031676367,0.021361740401462933,0.024424294729146576,0.03806379842063102,0.03580365992208824,0.035891179859951654
109,0.19335399287618613,0.05214591157618842,0.01442191574445655,0.016237709832054917,0.022472724702000946,0.012457198115490915,0.015424541531924562,0.014700285768068156,0.021701924288396908,0.026770280525666698,0.023577436602252103,0.029557007057489357,0.026905844454843043,0.028544059868476263,0.03152835407842501
110,0.15863132896029183,0.03087482483007275,0.020761284872884672,0.010540254486180055,0.0015804003602470165,0.009955349634066673,0.011200756094283977,0.026689784107411012,0.02402833171296001,0.019325545432006572,0.023713313875123692,0.028732879706610495,0.03307452058875163,0.02731614064044756,0.03698323037265891
111,0.17822190497436813,0.039097182971213416,0.013998629259424935,0.004447168533605923,0.005098260358175002,0.009574319507457442,0.01295773462899128,0.012240674763809216,0.019313859541344992,0.01878439717345195,0.016991195670575967,0.0325096432495713,0.0294219938942913,0.0301837608957699,0.03724895489676505
112,0.17487411248446702,0.039955008419611235,0.002820166451586585,0.004768266803860161,0.006551800073707394,0.01620177817572873,0.019472149039467288,0.024347630791554973,0.02104611907310465,0.028870038361644937,0.03790533337732128,0.025063221039182158,0.029615419316781872,0.04501272486731889,0.04879467309887802
113,0.14002039987894685,0.01731155406226388,0.002358629884379528,0.006474201841092929,0.014134220652192069,0.018542596201536667,0.015354724950263382,0.015648347999548718,0.024682567779328847,0.026333509491625468,0.024584572945422944,0.031146073929243772,0.0327281134138789,0.03595712375626951,0.03696089772677056
114,0.15458654779795433,0.021482175631790827,0.009139145436233814,0.0007731262967560045,0.0014837797460099534,0.0075064840239546455,0.01758697702107939,0.01850425381725855,0.021888779862343097,0.02606978619028108,0.023260412420212248,0.02083797000244521,0.026155278515272162,0.025925328902070673,0.029406139599251715
115,0.19413206418523188,0.05401821988563342,0.028176906097140093,0.0022593362350257057,0.013564107519709,0.011194269924956687,0.016072044525067372,0.01827157891118609,0.02033074439461779,0.026662491843677787,0.026462518583861016,0.0331565446649183,0.04046030882188268,0.040482769811667804,0.04048728607188349
116,0.20228941292289512,0.05849848863973239,0.030015519921647676,0.007750901061965431,0.018560674525281182,0.02423907689872035,0.017504588887451017,0.02260234467130055,0.0286189292446984,0.03467061431783101,0.035778232284647105,0.037734358052373275,0.03644323868355157,0.03470373077704738,0.03444442851839852
117,0.18552591071609362,0.03526897387240622,0.003684833851248884,0.010345459214794756,0.01323391937876884,0.01742702595473357,0.01770742807405072,0.016437745073207298,0.030677505786352796,0.027163730731619262,0.029899342464331333,0.02745732669137973,0.03346670476164984,0.030715971419022683,0.036425811659317346
118,0.1506321822237815,0.027575731811156606,0.009760532641559983,0.006485437330772403,0.004570206211130227,0.0109960436158726,0.013079869929879178,0.013707167386726875,0.01632704864836486,0.03381659229908071,0.026076271571019282,0.014758399863817044,0.0283171262367428,0.03388589679515583,0.03930604415873882
119,0.1506575949963824,0.03267847569672764,0.004110575415989376,-0.005233810123777099,0.0030278659772245992,0.013689470135986117,0.019488124157805712,0.014396061159645226,0.014623904033365007,0.015329089943414769,0.018954478358119167,0.02318783974780895,0.02288842925832088,0.02208581286235348,0.02881714960045302
120,0.16921255025839024,0.028811353572683693,0.006240343403286684,0.0063628655468351255,0.01323118248024139,0.014628681427032855,0.015052945094381737,0.012026671198227949,0.02208591306658525,0.01997543326606726,0.018172616027531827,0.020495440696098148,0.031883038726806846,0.042225614699660324,0.0413893166228282
121,0.18828633933175876,0.03985152010031055,0.01032043917213924,0.002557059709874349,0.004512563030911042,0.006229705637715684,0.008020429438099998,0.013750673837088088,0.02570361652813069,0.02638070930946723,0.023732454009644237,0.028343272249418502,0.02624541689346303,0.03582531576617528,0.03443419920322353
122,0.17015318072438898,0.021325761825929025,0.005626466894660536,-0.004303676009403751,-0.0006931284949906037,0.014475527025521585,0.01773871657438823,0.02148366706894431,0.022092154163921948,0.019354143598265823,0.02198856282457507,0.02863406079977589,0.034022232171165484,0.0367176893625363,0.029734119582227755
123,0.1915013040340479,0.024310354106994073,-0.007582662844382022,-0.006770636407505848,-0.0008474305049516275,0.0059362798120663925,0.002508414773557246,0.01106088310823441,0.01659448901491571,0.018917734732287687,0.02355094046252975,0.02576253958967001,0.028755683768488676,0.02975129929432548,0.02755913610709255
124,0.17972267193141947,0.038466562214747264,0.005241893624091445,0.0171142120116162,0.007697414007338431,0.018080456788072612,0.018445858321469687,0.012833317565740156,0.018752142540853063,0.021518091296190905,0.01610495540708785,0.023994026675599946,0.037253468570101506,0.038379529944469706,0.03558977683341934
125,0.15439335162190063,0.023348142762395135,0.005782764958970335,0.0196443917004658,0.017772325866135787,0.02466051213930662,0.019810298828246874,0.021608409733629392,0.023227168024726505,0.020631506630744742,0.03478143647799421,0.03492373641409192,0.033097751063810896,0.03476924763820491,0.035540894382547004
126,0.1487113067346028,0.028749200946050737,0.01075400399767194,0.0093405758929548,0.016339666889891965,0.00880383684587585,0.009963875178941763,0.023314756056445174,0.023620671658079687,0.01089631644396758,0.014126005910582455,0.03067727301096012,0.02872861755017157,0.03251933725781523,0.027643114413535244
127,0.17120991041260544,0.017198581898908178,0.016908057190201737,0.01671367686286272,0.01652527456945643,0.01248343606260529,0.019261515662556926,0.019495297124674887,0.021952259140261655,0.025754704417891346,0.03382646501999216,0.03276541052727227,0.04261358621250869,0.0387780216123202,0.03404372032850775
128,0.1514805140056348,0.013488941709100335,0.0008075145582384149,0.005560820049221571,0.005402705087602547,0.0073531544610250625,0.0174113460177731,0.018012278365056936,0.01784749209603122,0.022582711224772463,0.02564331837056795,0.02654964986770291,0.026536744809671668,0.025692983355869226,0.02808376465437182
129,0.19325404900679985,0.05609413205285869,0.014411582963200506,0.012479507725203315,0.012145983976330137,0.010045506796201635,0.01486096406137734,0.02558632604231704,0.024375593305324194,0.027531589012804693,0.03540061287172706,0.038149609449516626,0.025380721692832765,0.03202725065512652,0.04058409708232375
130,0.17621140147994185,0.04841816026589829,0.021113011041674002,0.017223681916913994,0.014749937330597275,0.006429697483449135,0.012986341154911839,0.01674926162494185,0.01984018120291227,0.022227703540115152,0.023666554265419127,0.029506608314843547,0.025829083001165362,0.03183589360436398,0.03521884006556782
131,0.16284351435575692,0.016829035308294726,-0.0010592800469399549,0.011335645485211394,0.01290276769599009,0.014531049544673238,0.0073963601610614205,0.0153695971721825,0.0199754661638152,0.018369402273712258,0.023922548409076108,0.024794621902348605,0.021630251393761197,0.028560450793065288,0.0445609261294494
132,0.1649747630963799,0.028260572906304744,0.007784108341622003,0.0038138284607035747,-0.011776043650697733,0.007495520856794249,0.011457344295542939,0.0176845199324399,0.015496795467293014,0.011770549500648302,0.011521427147133105,0.020123194938359436,0.027367329039137137,0.028144075529308296,0.024711146203402503
133,0.17852338682349433,0.03914433178067775,0.020655159464531222,0.02597828615971801,0.022494838233705305,0.022817366637053527,0.015369584268733753,0.023566594374431347,0.029089987819485037,0.020192001996705868,0.02597943977506748,0.030852331289692978,0.038997053620742426,0.039256214906356085,0.044229130175834255
134,0.18419456758590375,0.025587224655009053,-0.005649375497523357,-0.001206467545477017,0.003986646958474781,0.014227387051354888,0.026508620550439912,0.019568060321807596,0.026204447375669505,0.02664552022179361,0.017705786396060873,0.0242830762291363,0.03583756932094881,0.03240357306543914,0.03960799487901325
135,0.15762378946625752,0.025858449982365514,0.0037656126519183316,-0.002974922091596976,-0.006607725115520536,0.012443120296699868,0.013380594341200132,0.01182963951676826,0.020817946622531034,0.021954482679689122,0.02025223961700999,0.02600888220702873,0.02284362489205504,0.030575764229396507,0.03827295704773112
136,0.17941351264961017,0.03329441735649438,0.017009799041916903,0.007837274512708527,0.009894747679016233,0.02238050813945567,0.020749818435990233,0.02061694754687415,0.024222208515225666,0.02506846837776016,0.022555161087015066,0.02409867264148226,0.025325690137561994,0.038958979792721116,0.04294687297610866
137,0.18564792245402584,0.033939325827228764,0.015422367159992349,0.011537488119016743,0.01738973090292778,0.02054957499797613,0.01814642086115097,0.02052386113850864,0.01771321830823687,0.023175399394126384,0.03255250656200318,0.031857735497302586,0.03325022482134701,0.03490154461581812,0.04330405773001649
138,0.18370380962036903,0.028270355074111575,0.0074784834073051655,0.0019000407840047964,0.002691190055643919,0.014261111015486768,0.011460411896126428,0.014206422661467377,0.021255810709086293,0.024551270664292513,0.03143480392147578,0.026094342721166463,0.02554980532544207,0.019905904724011367,0.03179100406294051
139,0.17977298398045044,0.030931962667253163,-0.00530283411979977,-0.00349783251751467,-0.0005346203253748902,0.014939211891572747,0.014966200345831633,0.014240918516392472,0.019618798361093204,0.031035412435181375,0.02848272755706021,0.027819528987960102,0.026744038376220174,0.03331652999570234,0.026996160723661868
140,0.18382853092121507,0.037091007559544725,0.00683516092603433,0.001217468326891691,0.012429751341247923,0.01893185797987281,0.02444620575504962,0.02114691780935927,0.02130167127823706,0.025181721247449752,0.022451381689336424,0.021104081391988532,0.0264904854435712,0.03825625057726626,0.040915886037572895
141,0.18086666890872513,0.03725688924424442,0.003991505772508712,-0.00367935965026799,0.0036685919793231483,0.00910773815450136,0.02924586109652984,0.02086517657576908,0.03290525001076928,0.03408404293228992,0.030508305053826915,0.03424730842675848,0.03569883238761884,0.03612558541358829,0.03387842471722542
142,0.15253995026579215,0.026140801514244708,0.0061755574802549364,0.008480655716128938,0.003782250155996984,0.004735000550270533,0.020475063677212843,0.017756547992619606,0.015356916073495576,0.01611081913198814,0.016483691163182542,0.01524713506712959,0.027720294574697477,0.04343515031589426,0.043473574062050976
143,0.16331287874551526,0.049923568838853065,0.013761675921131327,0.015355791863742498,0.01673902643632249,0.014214672444535349,0.016002840809505037,0.01432151107247425,0.01813685106270123,0.02308020460590748,0.02899892061484997,0.042409930326888376,0.030737351529348072,0.034503791867591733,0.032719429932880593
144,0.16543820664743658,0.04081813136225018,0.023379125224665193,0.02274229510021694,0.017875112929902362,0.021214388370216625,0.021642909544747183,0.02594219589572562,0.023548413973128787,0.0293741327339048,0.03244287593064465,0.026696457941747118,0.02861195002638367,0.031091337870376053,0.0343291553040487
145,0.1792324870340825,0.050493123516440246,0.021850955229155793,0.012488465587362062,0.005539879763259863,0.014141636151493149,0.02271166414949625,0.02533238443256551,0.022668143760629287,0.023992169203413183,0.03281164853936124,0.035900634656497246,0.03101762909289159,0.02513777992265531,0.042362017217501415
146,0.16959632338243014,0.02325172127118189,0.010403592471144125,-0.005827285839178575,0.0036878546303130166,0.007830265034153778,0.010633553683284051,0.010138906517807373,0.015890478143188613,0.01683583224021846,0.018494095008720516,0.019621196498910372,0.02776471902316982,0.026615405142936036,0.03163098256941058
147,0.16579738837269503,0.0379651304297253,0.003072002813527064,0.007884351219445262,0.01752548395954926,0.00710194714546842,0.010488929972973318,0.029698810370494235,0.023100217108610065,0.020929878798130366,0.028404800924226217,0.022446081541435202,0.02243824606376855,0.028430169090374786,0.029475449370795628
148,0.1659526095448728,0.03931977535352692,0.013589647292833002,0.016086233707214757,0.0095224134998809,0.01007124473197001,0.01694316977887042,0.022482135929041094,0.022042365639549096,0.022475220799144328,0.02439538618344632,0.02699772256445597,0.02877570100607416,0.03414587295664845,0.032063792045233665
149,0.16773752861946323,0.03381471208569451,0.01318735036584904,0.013901623354479562,0.004456085356587815,0.021861991952393314,0.0065091483240815266,0.016840547508194387,0.01595653269027776,0.026393468221745778,0.02813664170676702,0.027851550868936814,0.02801019844608371,0.030034997022556346,0.02901081639757171
150,0.14351599034097068,0.01803180330147176,0.003467387944067839,-0.0009650515808391533,0.002519151407247013,0.011872101603598494,0.01319937216073651,0.021989185346360865,0.016654982449903145,0.024006760685084186,0.020940696764001395,0.02865338224352064,0.032661235780664856,0.03548551501539457,0.031830403652073784
151,0.17729844171502937,0.021043225365416824,0.011603915257146139,0.006692655496882652,0.010994891767340151,0.013075364627955726,0.017115900197399184,0.024633899601194196,0.011715261546466916,0.023341825665793816,0.03812573471941791,0.026987279932941956,0.024383071535974337,0.03336671164320793,0.03781891998862925
152,0.15353400252000685,0.036420786444160066,0.01483009567078382,0.022415109918326143,0.019937850487634523,0.0188750480116407,0.027076466579004106,0.024642482219656335,0.016701052462209678,0.025011626329496953,0.03294338955158138,0.040085317119446524,0.03499731088799417,0.04035315121764968,0.0411794314723791
153,0.18873765133546094,0.043839750275714,0.005322199959821929,0.021553264810709575,0.015035094803481546,0.021318014138702046,0.013738055638947672,0.009571857171808099,0.021348519807385544,0.023804748026032274,0.023393231922656757,0.020309624109480187,0.029851290740701412,0.03314888539092891,0.0371390209073699
154,0.15649032298333634,0.02646340363548764,0.012191860743716622,0.004237634424768113,-0.0038626377204877046,0.0089723610101457,0.017134190853277855,0.01760525189345609,0.020504831592018345,0.01982807619707271,0.026812290685876886,0.030783507543889938,0.02669295025583422,0.026078157628314464,0.0289200973185465
155,0.1740071327925624,0.034959922881355604,0.010202277158585708,0.006070677618446231,0.004515081417491805,0.013367011522934565,0.021235041598244936,0.021285965346872025,0.014883309637696233,0.024100899419193147,0.023671551201775755,0.03491008935030476,0.029491120427054946,0.03871524583594476,0.04011079374494731
156,0.18250697442890904,0.031503263036449666,0.015424827506707718,0.0003905872542600458,0.0014843420474861615,0.008273631279690781,0.008142475917100434,0.014065906930003659,0.01913312994514137,0.024455744095979517,0.022057288031119653,0.023388458319069536,0.023523519707502147,0.032636231938084834,0.04212902924804339
157,0.19303423165905842,0.05238688835977223,0.004387285732867088,0.0011830930775813622,0.008643337038438762,0.012830926983319123,0.00806894955236763,0.0033074689524616708,0.0071163344412259145,0.022376360618369888,0.025685940923151757,0.023911421438497473,0.025061950707701352,0.03439819535294517,0.045829815613300906
158,0.17368804937902102,0.05043665552013097,0.013743132337101933,0.015061673065447386,0.021804019468869743,0.01132098375913296,0.020532519371485126,0.023281296238981744,0.02113000709687261,0.03225979365380453,0.02840737464852256,0.03442922992625335,0.03127976809563973,0.031171474134022062,0.02995624783018312
159,0.18620997575060977,0.03814142644114771,0.012043150494218413,-0.001690923167636778,-0.002714546451288694,0.010174267774067143,0.009980151115710566,0.01328649895149715,0.017935952551212095,0.016774321066341785,0.018445238075586182,0.02231280287358632,0.02676421784002958,0.03918827838924815,0.042114894486470766
160,0.17173465166606358,0.034607760805653115,0.003016154009725585,-0.01072235978342056,-0.004771041974705306,0.0027850864920859015,0.012016895148992408,0.007790991699674544,0.01926245938938267,0.017914242331331896,0.020812127039038227,0.02641670451032623,0.020260145935022695,0.021257259768787583,0.037866030079045467
161,0.17754039752983072,0.04952771728903084,0.010714146568169724,0.008264032576997043,-0.0027865456306948627,0.001098577004304674,0.008985878388688568,0.013014603656420912,0.01785058637684735,0.02440657187419289,0.03227940762928726,0.03707469414326403,0.031509527312188715,0.039679216347271146,0.033445548175570015
162,0.17212548818489518,0.03557220347338608,-0.006479014399061273,-0.011283395758626621,0.006579321820556272,0.012278524666867355,0.01957894493878045,0.013667539465286222,0.016481678557082845,0.008649527053073152,0.017077395046413,0.02478706347984491,0.031550953442213175,0.03718208313093005,0.03733619213138242
163,0.16026510053289278,0.03212257875539759,0.01730610490534275,0.0049437793950111025,0.02137847800128426,0.013972987687346422,0.013060435716887175,0.01855101035380269,0.022544557780643168,0.018989227956815707,0.019364914962644763,0.01704691704493896,0.0332345541035173,0.03267869773633537,0.03535549388754125
164,0.16870330393553745,0.03247198051852837,0.009032596477389677,0.01262442969878662,0.020748215568393555,0.013140134708900448,0.015604180839545852,0.0131100929631185,0.019370934063466155,0.026723193996371866,0.02857135163931379,0.028748595494266355,0.033371348487225075,0.03046986698850146,0.035632800237897666
165,0.1918985353415677,0.052380126587604124,0.01002870627293053,-0.0009426423352623203,0.004877307874564016,0.010973110333793069,0.019969481246800713,0.02239211525673711,0.021572817404385363,0.018619297996455366,0.029473678108294963,0.024414105187426934,0.033517665491959864,0.03355806876399157,0.03280284428748098
166,0.16083301254940707,0.028264656594932467,0.015551115012274531,0.004590451314588849,0.01210964406802389,0.007709067832684964,0.018606840304615548,0.011840160962907706,0.010836665333364205,0.021858971961132175,0.02647452208883404,0.026670384129444828,0.033318896747711726,0.037102876825321235,0.04265372534033049
167,0.1922319921653717,0.03697463433234176,0.002189101428488335,-0.0024607288262270552,-0.00020159902958673923,0.011213852670453647,0.012596804724014912,0.014900348385833947,0.023989798506389118,0.02860172031565236,0.024089018397578956,0.023982177545369365,0.027168075666300237,0.0318826729309521,0.031080350238065196
168,0.18177054871284806,0.03872819589639392,0.008139082011090058,-0.003578858801698224,0.006300713540360936,0.008304251820253239,0.018672249385344213,0.017702244399666646,0.019441682482783277,0.01800943122391916,0.016474673937081272,0.01322743843090023,0.017376184296369546,0.0254923470341364,0.03210891837197234
169,0.17922832682776596,0.02842439658670988,0.017431237661511702,0.02686257255086426,0.013816867296843855,0.019371249109948925,0.02269514360277898,0.01909314552885091,0.02109425690520639,0.02260987705478669,0.03212861498582565,0.03286125216536568,0.03413453211168387,0.03636440969401402,0.03559168804009306
170,0.17814215742348988,0.02909968719416092,0.019625975909695125,-0.0031097483887756903,0.004730940693900134,0.014856064494427085,0.007266104571058373,0.018140484070570305,0.024156980873497075,0.019325952658799706,0.02233065406871712,0.02395202772336446,0.02522173965642106,0.025385837574466316,0.03598832661571082
171,0.17633026524211734,0.02929114610382359,0.015945094757971342,0.018014503497840863,0.030084265389524148,0.016437574228511265,0.020628393795293572,0.017491403469904812,0.025619718934665657,0.02277726639241777,0.028189806779988207,0.029218193211190863,0.027325226469411178,0.03214761047760827,0.034037888971261976
172,0.17364928971996518,0.03765512449819244,0.011782381537249625,0.0003737035413136642,0.0031631930553752945,0.018932589551239252,0.011548054699356157,0.006467863538988155,0.016183455149886967,0.019824896962550353,0.022704165130745642,0.0277938683606515,0.02789730232463374,0.026219796978053406,0.033687670327421176
173,0.17337154989615533,0.039467504835332075,0.011229203212608068,0.006025825182995726,0.007276956253742516,0.009511320827028623,0.024598432669552132,0.01916560615848803,0.019185335978874854,0.020989651248513538,0.028330509659153527,0.026271630633390827,0.029373095683953902,0.02884464850275884,0.03351991699356493
174,0.18267955206137368,0.04196259337417684,0.019729075595246472,0.008953313317547708,0.007901054770342471,0.005996031122203568,0.012045822466886407,0.02965130349816617,0.03616981043375791,0.031458512116605324,0.03537676510964753,0.030160692663943976,0.03007542416418025,0.0364768940117908,0.04230975982085773
175,0.16093955251213382,0.03071300172511883,0.014518937084327685,-0.0001777367447837735,0.013045588951736006,0.013389348808740553,0.019954388269743814,0.018404035450859713,0.02738976577568529,0.03189010216330715,0.03285750089238357,0.03797733599769082,0.03282046424359939,0.03395055272418879,0.03118985090173905
176,0.1667499631935678,0.03178842843945563,0.010860759299132789,0.013629923334165966,0.005996790016791168,0.016300136701251074,0.00781634937036838,0.020521538694910343,0.024706742524773687,0.022683496975322594,0.02792491835154305,0.01956322894122305,0.022600044800765856,0.031269835715982804,0.03772657602618734
177,0.1594549067019571,0.03190703968942948,0.0033837156683806826,0.0074324264028015185,0.002323822176725639,0.008981810729022205,0.013434679361925501,0.017379801779510345,0.01794320440941328,0.019584291840097093,0.024247378149777263,0.034613707979336224,0.030090114942342792,0.03417231692363307,0.03277285368566681
178,0.17783197641818427,0.025177417518541793,0.010054397195629937,0.0016283600013609393,0.01549303699669717,0.020446889187640677,0.007410333436694793,0.014818106206660273,0.017549943642041873,0.0199766319358046,0.018975574289448092,0.027811438718276175,0.030563055479561476,0.0347549289077916,0.03587111852032881
179,0.14860529758126007,0.022789507184572524,0.006927473131249443,-0.0002998560970539556,0.00940733801167139,0.012765546851582895,0.011364598414597077,0.00788017671573226,0.00917430380670702,0.019945330689932077,0.03022172126438423,0.025983059891871458,0.033419168354860675,0.030487555758768287,0.03732374447269918
180,0.16009228414851695,0.015958705337702505,0.01511052499228211,0.0010315401962981087,0.00928055132503026,0.014439748405547181,0.013848189780543365,0.020881768491947596,0.02359944723136462,0.01856518832135202,0.01681288062883617,0.02135110762634551,0.03634005149396125,0.030828718784459055,0.03119309071829733
181,0.16772612693489283,0.0058716121234843,-0.0001689213472458066,0.0015559048215114729,0.005331778874861537,0.011783690424107183,0.023306663303628693,0.021625951345765553,0.020673440962922333,0.021665940670573477,0.018327484788956697,0.01851968675944502,0.020424147395515388,0.029604572754631336,0.035499089239964865
182,0.17038376997746035,0.03183609537482148,0.0015906166173117455,0.00018084373844753687,0.00963190177077363,0.0041170915481489705,0.009727785621568959,0.00625172770399891,0.014271908888470729,0.024095677798316947,0.012963978514688664,0.025559532354954992,0.03071834127982263,0.032265458619646234,0.030965277930677333
183,0.17418789113604022,0.021041986977761398,0.0083269358260452,0.008193737706077854,0.020740399934538727,0.01146823186269207,0.012858042758257074,0.012705325284726489,0.02352503656586809,0.026961133385996584,0.03162204310132187,0.030894267001181346,0.03223663449453423,0.032888523523268355,0.034920349560335524
184,0.168828918952468,0.03748791818146695,0.012986986660622916,0.0026973084629933735,0.009145121877171567,0.007489688125807694,0.026073649384999942,0.028874462104839595,0.021421826539229825,0.02530669273009962,0.025639064728758335,0.03188082399180298,0.03415055874473574,0.03969850223643274,0.03525401464009715
185,0.17458010904511498,0.03221603016651778,0.011204944947535602,-0.001647272095283144,0.004226687800368139,0.017214652733650596,0.024897616288419012,0.025889271351355034,0.0195547243622568,0.017374114983957984,0.019888268473681775,0.03488885673826725,0.028592051229484057,0.043254740512439306,0.04412827989372212
186,0.16622750573208125,0.04702015096367789,0.017004705152286394,0.010468817281025894,0.011754157588345455,0.003683999858131127,0.024357936491101094,0.027753069970662594,0.026922957343861145,0.023528493384178475,0.02618270274436565,0.032628401105261357,0.03769183925405319,0.0318151644003348,0.03873727895460252
187,0.19915608337455637,0.0305966884031497,0.0011086120742818599,0.010669239610401067,0.0022763690052026364,0.0135537553058206,0.015019606977453434,0.022369882882474254,0.023082562663842426,0.020498860718127267,0.02638627625766764,0.02853396486525254,0.029081480362276466,0.036850903680832776,0.03638376393215306
188,0.17709733724578403,0.018055163379910127,0.0059782722207454,0.0053063442721311815,0.013996838588390428,0.016409226831048684,0.021320710043924353,0.023602977215365598,0.019564019929515442,0.02773408204230221,0.02267362395077467,0.029851846202693915,0.02865442016467031,0.03477289054084419,0.03696861709104811
189,0.17024045616388006,0.04759326170769008,0.018492092253623568,0.02250951700500202,0.014099663030149086,0.011780945915619583,0.02003863728696407,0.019893505440559074,0.02509090013393387,0.017035531424880467,0.02212557310556887,0.03088477112605771,0.032097118441482234,0.031020620160052952,0.0389562123211173
190,0.16052104253065413,0.03590230940905126,0.007204792533641827,-0.008587935190652077,0.0041390006612174604,0.005941192666357079,0.014803852960858871,0.02310856314773082,0.018992281032468243,0.020556505766070574,0.03375208622987958,0.0275797238585241,0.029360483636788202,0.028589795159827038,0.03946238945348584
191,0.16975168348434763,0.023512237671182098,0.00872593911439731,0.006817510738269309,0.018146750994960506,0.014717538238344667,0.02248039604070269,0.02745321566394028,0.023304489981923155,0.023747387603577634,0.029126204356635932,0.026861231047798122,0.02607884534683956,0.03299139090341498,0.034761689600120924
192,0.16423895748856898,0.024780801847959347,0.021777337668872562,0.016971762348088972,0.016387058359446472,0.023665248478366582,0.010511870851542288,0.016548408681122246,0.02484927907257537,0.024688388104447973,0.0269489955995057,0.025665866066304416,0.029588236845966984,0.04100591970945892,0.033651535006273006
193,0.186273261945802,0.033067499974578335,0.009539662083018187,-0.0013648087859410992,0.01321480521933457,0.01801680146273161,0.01531521110868665,0.018547348660887742,0.015106320746856602,0.02708331011350878,0.030964354881556015,0.025704235105450595,0.027416161564583305,0.029151264601890665,0.034349161474385236
194,0.16636647745095898,0.0510850727494658,0.01685173322621051,0.004111579444837648,0.01499020355481601,0.022204489521240822,0.015388729740330129,0.03109718919057183,0.022389833659716283,0.027588051852262527,0.030405876972674342,0.03350317267275926,0.02979209897834736,0.028191026452083805,0.03131478577066595
195,0.19537136089728263,0.05375498651126244,0.031770622509634486,0.0209562531711721,0.004496917943546602,-0.00099434213585826,0.015961930881558412,0.015047125337080004,0.023505076292431856,0.03125383777939314,0.03126489893731975,0.043505696714916914,0.03270656229032,0.03673552715006963,0.044903254904850365
196,0.16954344677925703,0.02565541403480404,0.014051277479085994,0.012046727088635774,0.019324385750147343,0.017212616338600224,0.012173871826953404,0.015241003453592592,0.021962002455875564,0.02333546726478664,0.033996433913580516,0.03636238674147602,0.03682069599440867,0.04031566778535947,0.03710217375459599
197,0.17553598903443662,0.027757706659406564,0.021284062483846834,0.017077443861309285,0.009149480299816933,0.00955034386344307,0.007419699071722307,0.019475183726852696,0.020748128986634737,0.022428775205863397,0.030814320248991063,0.025613700235756168,0.030906264445038762,0.028481703757382276,0.030734658448192818
198,0.16450742548416986,0.028965987714674655,0.005926855532968826,0.009183778864807557,0.011158676677458308,0.011047804187393253,0.020961234639251928,0.01823789771060815,0.02480514386566692,0.025055768868491823,0.026875099683743256,0.024026833726412792,0.02939406144303163,0.0357631234789996,0.037222961734904525
199,0.1625944511095433,0.011799462417901696,0.007696157982021489,0.0038888275341658965,0.013430877163011612,0.017828167849501524,0.014125023188178092,0.014418037332185572,0.021185537869903667,0.02979717715417056,0.02648054608494017,0.028739415857591773,0.027728632518260785,0.027212923630892307,0.026508850045117386
