,sweep,permcount,dH,pdeconfined,pconfined,action,wilson,acceptance,nmat,ndec,ntime,ntau,udtau,adtau,temperature,pdec,pdec_var,pcon,pcoeff,utau,atau,mdtu,freq
0,1.0,0.0,-0.675140245417424,0.004886312165424686,0.0,48.18465428275909,0.21930266174435487,1.0,24,24,32,100,0.005,0.0025,0.29,0.0,0.005,0.005,10000000.0,0.5,0.25,0.5,
1,2.0,0.0,-0.8139873349864502,0.003739136668959839,0.0,48.190286756347774,0.20581606614358972,1.0,24,24,32,100,0.005,0.0025,0.29,0.0,0.005,0.005,10000000.0,0.5,0.25,1.0,0.5
2,3.0,0.0,0.11613477831269847,0.0045904776971427835,0.0,48.256694259231296,0.1952850773758209,1.0,24,24,32,100,0.005,0.0025,0.29,0.0,0.005,0.005,10000000.0,0.5,0.25,1.5,0.5
3,4.0,0.0,0.6074923618507455,0.0045904776971427835,0.0,48.256694259231296,0.1952850773758209,0.75,24,24,32,100,0.005,0.0025,0.29,0.0,0.005,0.005,10000000.0,0.5,0.25,2.0,0.5
4,5.0,0.0,0.9326000678920536,0.004888885270419616,0.0,48.160539423817035,0.18026793128807203,0.8,24,24,32,100,0.005,0.0025,0.29,0.0,0.005,0.005,10000000.0,0.5,0.25,2.5,0.5
5,6.0,0.0,0.30392738395312335,0.004624199707448763,0.0,48.298367114285256,0.16593534336759969,0.8333333333333334,24,24,32,100,0.005,0.0025,0.29,0.0,0.005,0.005,10000000.0,0.5,0.25,3.0,0.5
6,7.0,0.0,0.02103457439079648,0.0007055078541539912,0.0,48.11547948526489,0.1460039512256373,0.8571428571428571,24,24,32,100,0.005,0.0025,0.29,0.0,0.005,0.005,10000000.0,0.5,0.25,3.5,0.5
7,8.0,0.0,0.30632044341473375,0.001386238495040681,0.0,47.987637213763975,0.1402601532391322,0.875,24,24,32,100,0.005,0.0025,0.29,0.0,0.005,0.005,10000000.0,0.5,0.25,4.0,0.5
8,9.0,0.0,-0.598960998984694,0.004840005633300016,0.0,48.03281545392278,0.13818296638112507,0.8888888888888888,24,24,32,100,0.005,0.0025,0.29,0.0,0.005,0.005,10000000.0,0.5,0.25,4.5,0.5
9,10.0,0.0,0.7209483456608723,0.004840005633300016,0.0,48.03281545392278,0.13818296638112507,0.8,24,24,32,100,0.005,0.0025,0.29,0.0,0.005,0.005,10000000.0,0.5,0.25,5.0,0.5
10,11.0,0.0,1.0649064477547654,0.004840005633300016,0.0,48.03281545392278,0.13818296638112507,0.7272727272727273,24,24,32,100,0.005,0.0025,0.29,0.0,0.005,0.005,10000000.0,0.5,0.25,5.5,0.5
11,12.0,0.0,-0.21956772088014986,0.0013976152353035874,0.0,48.29261611987995,0.12856294510927702,0.75,24,24,32,100,0.005,0.0025,0.29,0.0,0.005,0.005,10000000.0,0.5,0.25,6.0,0.5
12,13.0,0.0,0.15327249049732927,0.0011258655578456045,0.0,48.16278297390002,0.10578475957769023,0.7692307692307693,24,24,32,100,0.005,0.0025,0.29,0.0,0.005,0.005,10000000.0,0.5,0.25,6.5,0.5
13,14.0,0.0,0.06695543272508075,0.00319548473187878,0.0,48.265176599495675,0.10205944674582867,0.7857142857142857,24,24,32,100,0.005,0.0025,0.29,0.0,0.005,0.005,10000000.0,0.5,0.25,7.0,0.5
14,15.0,0.0,-1.633684484550031,0.00280505767681324,0.0,47.95455210854768,0.08586550230807873,0.8,24,24,32,100,0.005,0.0025,0.29,0.0,0.005,0.005,10000000.0,0.5,0.25,7.5,0.5
15,16.0,0.0,0.44303185746684903,0.00280505767681324,0.0,47.95455210854768,0.08586550230807873,0.75,24,24,32,100,0.005,0.0025,0.29,0.0,0.005,0.005,10000000.0,0.5,0.25,8.0,0.5
16,17.0,0.0,0.3708437243694789,0.0026341161144014533,0.0,48.04492560587544,0.07020500257736627,0.7647058823529411,24,24,32,100,0.005,0.0025,0.29,0.0,0.005,0.005,10000000.0,0.5,0.25,8.5,0.5
17,18.0,0.0,0.7155139380556648,0.0026341161144014533,0.0,48.044925605875456,0.07020500257736628,0.7222222222222222,24,24,32,100,0.005,0.0025,0.29,0.0,0.005,0.005,10000000.0,0.5,0.25,9.0,0.5
18,19.0,0.0,2.733749885686848,0.0026341161144014533,0.0,48.044925605875456,0.07020500257736628,0.6842105263157895,24,24,32,100,0.005,0.0025,0.29,0.0,0.005,0.005,10000000.0,0.5,0.25,9.5,0.5
19,20.0,0.0,-0.6950462608947419,0.0026015798652648373,0.0,48.27818786857144,0.06774991361136261,0.7,24,24,32,100,0.005,0.0025,0.29,0.0,0.005,0.005,10000000.0,0.5,0.25,10.0,0.5
20,21.0,0.0,0.9146584244081168,0.0026015798652648373,0.0,48.278187868571436,0.06774991361136261,0.6666666666666666,24,24,32,100,0.005,0.0025,0.29,0.0,0.005,0.005,10000000.0,0.5,0.25,10.5,0.5
21,22.0,0.0,0.8684130873225513,0.0026015798652648373,0.0,48.27818786857144,0.06774991361136261,0.6363636363636364,24,24,32,100,0.005,0.0025,0.29,0.0,0.005,0.005,10000000.0,0.5,0.25,11.0,0.5
22,23.0,0.0,-0.024119971014442854,0.004064052883365737,0.0,48.338757098809744,0.05816019856156153,0.6521739130434783,24,24,32,100,0.005,0.0025,0.29,0.0,0.005,0.005,10000000.0,0.5,0.25,11.5,0.5
23,24.0,0.0,0.47424574666365515,0.004064052883365737,0.0,48.33875709880975,0.05816019856156153,0.625,24,24,32,100,0.005,0.0025,0.29,0.0,0.005,0.005,10000000.0,0.5,0.25,12.0,0.5
24,25.0,0.0,2.47873126691411,0.004064052883365737,0.0,48.33875709880975,0.05816019856156153,0.6,24,24,32,100,0.005,0.0025,0.29,0.0,0.005,0.005,10000000.0,0.5,0.25,12.5,0.5
25,26.0,0.0,0.31778050752473064,0.004491085716182032,0.0,47.94604727578704,0.05785802104245044,0.6153846153846154,24,24,32,100,0.005,0.0025,0.29,0.0,0.005,0.005,10000000.0,0.5,0.25,13.0,0.5
26,27.0,0.0,0.16731211383012123,0.0032236650702726173,0.0,48.25656588044689,0.06980774534649058,0.6296296296296297,24,24,32,100,0.005,0.0025,0.29,0.0,0.005,0.005,10000000.0,0.5,0.25,13.5,0.5
27,28.0,0.0,-0.32280544615059625,0.0016087497201125297,0.0,48.29401019198276,0.0694130838822062,0.6428571428571429,24,24,32,100,0.005,0.0025,0.29,0.0,0.005,0.005,10000000.0,0.5,0.25,14.0,0.5
28,29.0,0.0,0.4361800461556413,0.0016087497201125297,0.0,48.29401019198274,0.0694130838822062,0.6206896551724138,24,24,32,100,0.005,0.0025,0.29,0.0,0.005,0.005,10000000.0,0.5,0.25,14.5,0.5
29,30.0,0.0,0.8586971009935951,0.0016087497201125297,0.0,48.29401019198274,0.0694130838822062,0.6,24,24,32,100,0.005,0.0025,0.29,0.0,0.005,0.005,10000000.0,0.5,0.25,15.0,0.5
30,31.0,0.0,0.9377682771082618,0.0016087497201125297,0.0,48.29401019198276,0.06941308388220621,0.5806451612903226,24,24,32,100,0.005,0.0025,0.29,0.0,0.005,0.005,10000000.0,0.5,0.25,15.5,0.5
31,32.0,0.0,0.8332462120524724,0.0032542406971248212,0.0,47.874675441905005,0.06998113332397009,0.59375,24,24,32,100,0.005,0.0025,0.29,0.0,0.005,0.005,10000000.0,0.5,0.25,16.0,0.5
32,33.0,0.0,-0.5640997848604457,0.0027721373387189574,0.0,48.031410230086465,0.06764399188703715,0.6060606060606061,24,24,32,100,0.005,0.0025,0.29,0.0,0.005,0.005,10000000.0,0.5,0.25,16.5,0.5
33,34.0,0.0,-0.7435518845813931,0.00018993244920694315,0.0,48.248178414486205,0.07436276320595864,0.6176470588235294,24,24,32,100,0.005,0.0025,0.29,0.0,0.005,0.005,10000000.0,0.5,0.25,17.0,0.5
34,35.0,0.0,0.648012255471258,0.0039002785509259447,0.0,48.069842286049635,0.07092963337858717,0.6285714285714286,24,24,32,100,0.005,0.0025,0.29,0.0,0.005,0.005,10000000.0,0.5,0.25,17.5,0.5
35,36.0,0.0,-0.7092904288874706,0.004489007490479812,0.0,48.312976507055424,0.07239021320425065,0.6388888888888888,24,24,32,100,0.005,0.0025,0.29,0.0,0.005,0.005,10000000.0,0.5,0.25,18.0,0.5
36,37.0,0.0,0.41553797297819983,0.0012342725163494198,0.0,48.39192513093232,0.07229915311981269,0.6486486486486487,24,24,32,100,0.005,0.0025,0.29,0.0,0.005,0.005,10000000.0,0.5,0.25,18.5,0.5
37,38.0,0.0,0.22590945414413,0.0015985815398625513,0.0,48.243375463626535,0.0682126004520925,0.6578947368421053,24,24,32,100,0.005,0.0025,0.29,0.0,0.005,0.005,10000000.0,0.5,0.25,19.0,0.5
38,39.0,0.0,-0.08931731520715402,0.0022056021372191437,0.0,48.43908626280821,0.06980984074470291,0.6666666666666666,24,24,32,100,0.005,0.0025,0.29,0.0,0.005,0.005,10000000.0,0.5,0.25,19.5,0.5
39,40.0,0.0,-1.0112806393954088,0.0038040814562533866,0.0,48.10468136866892,0.06371201111505376,0.675,24,24,32,100,0.005,0.0025,0.29,0.0,0.005,0.005,10000000.0,0.5,0.25,20.0,0.5
40,41.0,0.0,0.039916822242958006,0.0035869249451461398,0.0,47.95252933049756,0.05379976592961254,0.6829268292682927,24,24,32,100,0.005,0.0025,0.29,0.0,0.005,0.005,10000000.0,0.5,0.25,20.5,0.5
41,42.0,0.0,0.4698961891772342,0.0015649655088070889,0.0,47.719876221428954,0.04444695341487416,0.6904761904761905,24,24,32,100,0.005,0.0025,0.29,0.0,0.005,0.005,10000000.0,0.5,0.25,21.0,0.5
42,43.0,0.0,-0.36134438438602956,0.003173510998628606,0.0,47.97067575181998,0.04221483432820472,0.6976744186046512,24,24,32,100,0.005,0.0025,0.29,0.0,0.005,0.005,10000000.0,0.5,0.25,21.5,0.5
43,44.0,0.0,-0.5136630370325292,0.005142069031021894,0.0,48.40843272195694,0.03860809202095036,0.7045454545454546,24,24,32,100,0.005,0.0025,0.29,0.0,0.005,0.005,10000000.0,0.5,0.25,22.0,0.5
44,45.0,0.0,-0.41127093294926453,0.004431513919935846,0.0,48.40261092925745,0.039521165201086936,0.7111111111111111,24,24,32,100,0.005,0.0025,0.29,0.0,0.005,0.005,10000000.0,0.5,0.25,22.5,0.5
45,46.0,0.0,1.0663461446383735,0.004431513919935846,0.0,48.40261092925746,0.03952116520108693,0.6956521739130435,24,24,32,100,0.005,0.0025,0.29,0.0,0.005,0.005,10000000.0,0.5,0.25,23.0,0.5
46,47.0,0.0,1.1000378654789529,0.002855825401479722,0.0,47.79787513873163,0.037085520805726496,0.7021276595744681,24,24,32,100,0.005,0.0025,0.29,0.0,0.005,0.005,10000000.0,0.5,0.25,23.5,0.5
47,48.0,0.0,-0.6980441111227265,0.0026012507469745584,0.0,48.48482530377138,0.03348128650938144,0.7083333333333334,24,24,32,100,0.005,0.0025,0.29,0.0,0.005,0.005,10000000.0,0.5,0.25,24.0,0.5
48,49.0,0.0,0.2418057687682449,0.0023666314215349945,0.0,48.10334940674292,0.0429487629112756,0.7142857142857143,24,24,32,100,0.005,0.0025,0.29,0.0,0.005,0.005,10000000.0,0.5,0.25,24.5,0.5
49,50.0,0.0,-0.8507448913151165,0.003840131581617092,0.0,48.2289355627437,0.04826644964423063,0.72,24,24,32,100,0.005,0.0025,0.29,0.0,0.005,0.005,10000000.0,0.5,0.25,25.0,0.5
50,10.0,0.0,-0.47682706404157216,0.0032899715795882507,0.0,48.49371519468545,0.055307576155346885,1.0,24,24,32,500,0.004,0.002,0.29,0.0,0.005,0.005,10000000.0,2.0,1.0,20.0,
51,20.0,0.0,0.22993287298595533,0.0016945465621364486,0.0,47.62563182541367,0.04178129625774077,0.9,24,24,32,500,0.004,0.002,0.29,0.0,0.005,0.005,10000000.0,2.0,1.0,40.0,20.0
52,30.0,0.0,-0.015037589917483274,0.003582942429250395,0.0,48.03084154992602,0.04511081225415402,0.9,24,24,32,500,0.004,0.002,0.29,0.0,0.005,0.005,10000000.0,2.0,1.0,60.0,20.0
53,40.0,0.0,0.2304715414356906,0.004821891470248447,0.0,47.71447368277051,0.04838924950318286,0.925,24,24,32,500,0.004,0.002,0.29,0.0,0.005,0.005,10000000.0,2.0,1.0,80.0,20.0
54,50.0,0.0,0.40973727346136,0.003314230744676302,0.0,47.70224130892532,0.043375006832203675,0.9,24,24,32,500,0.004,0.002,0.29,0.0,0.005,0.005,10000000.0,2.0,1.0,100.0,20.0
55,60.0,0.0,-0.008895365805074107,0.0022027907643444172,0.0,48.27809181566397,0.04046696897138296,0.9,24,24,32,500,0.004,0.002,0.29,0.0,0.005,0.005,10000000.0,2.0,1.0,120.0,20.0
56,70.0,0.0,-0.17705381479754578,0.004229486085309337,0.0,47.6055313465112,0.035375901268033166,0.8857142857142857,24,24,32,500,0.004,0.002,0.29,0.0,0.005,0.005,10000000.0,2.0,1.0,140.0,20.0
57,80.0,0.0,1.1335571789531969,0.005073751747427153,0.0,48.144566618862136,0.041694383310056406,0.875,24,24,32,500,0.004,0.002,0.29,0.0,0.005,0.005,10000000.0,2.0,1.0,160.0,20.0
58,90.0,0.0,0.22938143064675387,0.005259810519395485,0.0,48.44199507595357,0.05209741857314332,0.8555555555555555,24,24,32,500,0.004,0.002,0.29,0.0,0.005,0.005,10000000.0,2.0,1.0,180.0,20.0
59,100.0,0.0,-0.05567437731224345,0.00477471432043947,0.0,47.72373582149919,0.032373458749664075,0.87,24,24,32,500,0.004,0.002,0.29,0.0,0.005,0.005,10000000.0,2.0,1.0,200.0,20.0
60,110.0,0.0,0.5928868896517088,0.0028714714050248435,0.0,47.82370328002318,0.0374235218438698,0.8727272727272727,24,24,32,500,0.004,0.002,0.29,0.0,0.005,0.005,10000000.0,2.0,1.0,220.0,20.0
61,120.0,0.0,3.8454278169519966,0.005071171180935107,0.0,47.957661936102575,0.07379553149085466,0.8583333333333333,24,24,32,500,0.004,0.002,0.29,0.0,0.005,0.005,10000000.0,2.0,1.0,240.0,20.0
62,130.0,0.0,1.5081777249724837,0.0032524105069443626,0.0,47.68967745704158,0.04469126574624676,0.8615384615384616,24,24,32,500,0.004,0.002,0.29,0.0,0.005,0.005,10000000.0,2.0,1.0,260.0,20.0
63,140.0,0.0,0.6002192019950598,0.004551535129821539,0.0,48.232402683222126,0.06195189492734839,0.8571428571428571,24,24,32,500,0.004,0.002,0.29,0.0,0.005,0.005,10000000.0,2.0,1.0,280.0,20.0
64,150.0,0.0,0.03479313497518888,0.0030622326552510143,0.0,47.895598607652204,0.05023548378007237,0.8533333333333334,24,24,32,500,0.004,0.002,0.29,0.0,0.005,0.005,10000000.0,2.0,1.0,300.0,20.0
65,160.0,0.0,0.559361335086578,0.004075260010137234,0.0,47.8806041144498,0.041340403311818194,0.84375,24,24,32,500,0.004,0.002,0.29,0.0,0.005,0.005,10000000.0,2.0,1.0,320.0,20.0
66,170.0,0.0,0.7733897650250583,0.0018283728121076131,0.0,47.61545970387685,0.03018594138276609,0.8294117647058824,24,24,32,500,0.004,0.002,0.29,0.0,0.005,0.005,10000000.0,2.0,1.0,340.0,20.0
67,180.0,0.0,-0.32053495742729865,0.002380032773498268,0.0,48.24285183457742,0.03390067530851576,0.8277777777777777,24,24,32,500,0.004,0.002,0.29,0.0,0.005,0.005,10000000.0,2.0,1.0,360.0,20.0
68,190.0,0.0,-0.9775667446738225,0.0036013517667462264,0.0,47.9847761245197,0.03946576785536255,0.8315789473684211,24,24,32,500,0.004,0.002,0.29,0.0,0.005,0.005,10000000.0,2.0,1.0,380.0,20.0
69,200.0,0.0,0.4447139969051932,0.0032673450873190284,0.0,47.713364690999654,0.02966702488023273,0.835,24,24,32,500,0.004,0.002,0.29,0.0,0.005,0.005,10000000.0,2.0,1.0,400.0,20.0
70,210.0,0.0,0.5853799742471892,0.004180455302517506,0.0,48.053355260597364,0.05467662616934464,0.8238095238095238,24,24,32,500,0.004,0.002,0.29,0.0,0.005,0.005,10000000.0,2.0,1.0,420.0,20.0
71,220.0,0.0,1.2765441126321093,0.002302618613731372,0.0,47.408124173371064,0.04945459407629514,0.8090909090909091,24,24,32,500,0.004,0.002,0.29,0.0,0.005,0.005,10000000.0,2.0,1.0,440.0,20.0
72,230.0,0.0,0.1481115748101729,0.00485942739178652,0.0,47.93440417548329,0.03985788600074019,0.808695652173913,24,24,32,500,0.004,0.002,0.29,0.0,0.005,0.005,10000000.0,2.0,1.0,460.0,20.0
73,240.0,0.0,20.72276643478108,0.003520977711146297,0.0,48.2018052523906,0.036802637712713915,0.7958333333333333,24,24,32,500,0.004,0.002,0.29,0.0,0.005,0.005,10000000.0,2.0,1.0,480.0,20.0
74,250.0,0.0,-0.29369262383988826,0.0039062085460942744,0.0,48.13872715900732,0.0467060572035472,0.792,24,24,32,500,0.004,0.002,0.29,0.0,0.005,0.005,10000000.0,2.0,1.0,500.0,20.0
75,260.0,0.0,2.6653028322471073,0.0032721798752598503,0.0,48.15376999044988,0.03582466352472161,0.7846153846153846,24,24,32,500,0.004,0.002,0.29,0.0,0.005,0.005,10000000.0,2.0,1.0,520.0,20.0
76,270.0,0.0,-0.19231522953487,0.0037246621190884666,0.0,48.28984688221341,0.04277811069699892,0.7777777777777778,24,24,32,500,0.004,0.002,0.29,0.0,0.005,0.005,10000000.0,2.0,1.0,540.0,20.0
77,280.0,0.0,-0.252176163950935,0.0013720578978024568,0.0,48.285877997489045,0.04256948713841942,0.7785714285714286,24,24,32,500,0.004,0.002,0.29,0.0,0.005,0.005,10000000.0,2.0,1.0,560.0,20.0
78,290.0,0.0,-0.5221311416098615,0.004264084988784494,0.0,47.98261118846865,0.03503609205862027,0.7758620689655172,24,24,32,500,0.004,0.002,0.29,0.0,0.005,0.005,10000000.0,2.0,1.0,580.0,20.0
79,300.0,0.0,0.3326186812846572,0.005204470262536395,0.0,48.07003401842298,0.0719330985767502,0.78,24,24,32,500,0.004,0.002,0.29,0.0,0.005,0.005,10000000.0,2.0,1.0,600.0,20.0
80,310.0,0.0,0.19674814298195997,0.004509199617463224,0.0,47.59949840295423,0.042633847348254685,0.7806451612903226,24,24,32,500,0.004,0.002,0.29,0.0,0.005,0.005,10000000.0,2.0,1.0,620.0,20.0
81,320.0,0.0,-0.4457642684938037,0.004086637768113886,0.0,47.9531713824097,0.03261402485400125,0.784375,24,24,32,500,0.004,0.002,0.29,0.0,0.005,0.005,10000000.0,2.0,1.0,640.0,20.0
82,330.0,0.0,0.5539808925823309,0.00283734944239774,0.0,47.883872709917355,0.048413349539153744,0.7878787878787878,24,24,32,500,0.004,0.002,0.29,0.0,0.005,0.005,10000000.0,2.0,1.0,660.0,20.0
83,340.0,0.0,0.08113728594616987,0.004136526905312002,0.0,48.23549727785864,0.03840498983896427,0.7823529411764706,24,24,32,500,0.004,0.002,0.29,0.0,0.005,0.005,10000000.0,2.0,1.0,680.0,20.0
84,350.0,0.0,0.9015232630263199,0.004045095310832211,0.0,48.258407444444565,0.041777074975682345,0.7828571428571428,24,24,32,500,0.004,0.002,0.29,0.0,0.005,0.005,10000000.0,2.0,1.0,700.0,20.0
85,360.0,0.0,0.5482291084263125,0.004239426366654475,0.0,48.33952836188928,0.049434556045462236,0.7805555555555556,24,24,32,500,0.004,0.002,0.29,0.0,0.005,0.005,10000000.0,2.0,1.0,720.0,20.0
86,370.0,0.0,0.05662624304386554,0.0028646688636899693,0.0,47.654830329959495,0.03912600011358552,0.7864864864864864,24,24,32,500,0.004,0.002,0.29,0.0,0.005,0.005,10000000.0,2.0,1.0,740.0,20.0
87,380.0,0.0,-2.258364859284484,0.00328824293323074,0.0,47.974751640614926,0.052525076094222384,0.781578947368421,24,24,32,500,0.004,0.002,0.29,0.0,0.005,0.005,10000000.0,2.0,1.0,760.0,20.0
88,390.0,0.0,-0.6668103393094498,0.0037348437221952652,0.0,47.79613203356629,0.03999584568991778,0.782051282051282,24,24,32,500,0.004,0.002,0.29,0.0,0.005,0.005,10000000.0,2.0,1.0,780.0,20.0
89,400.0,0.0,-0.21785200008162064,0.004694207283997217,0.0,47.909888287626146,0.04188099777042248,0.7725,24,24,32,500,0.004,0.002,0.29,0.0,0.005,0.005,10000000.0,2.0,1.0,800.0,20.0
90,410.0,0.0,0.3999854849316762,0.003989232552295355,0.0,47.75559830041797,0.04854708602802327,0.7731707317073171,24,24,32,500,0.004,0.002,0.29,0.0,0.005,0.005,10000000.0,2.0,1.0,820.0,20.0
91,420.0,0.0,0.36104278966377024,0.005049235024714794,0.0,47.85487284126251,0.02450151341748414,0.7761904761904762,24,24,32,500,0.004,0.002,0.29,0.0,0.005,0.005,10000000.0,2.0,1.0,840.0,20.0
92,430.0,0.0,2.5577095975604607,0.002136497315157859,0.0,48.135114692512374,0.040683186337739256,0.772093023255814,24,24,32,500,0.004,0.002,0.29,0.0,0.005,0.005,10000000.0,2.0,1.0,860.0,20.0
93,440.0,0.0,0.07045640866272151,0.0026211980801643235,0.0,48.028908006699766,0.04766862232672195,0.7727272727272727,24,24,32,500,0.004,0.002,0.29,0.0,0.005,0.005,10000000.0,2.0,1.0,880.0,20.0
94,450.0,0.0,-0.7263248341114377,0.00462288845771528,0.0,48.21752480296251,0.07493750673919426,0.7755555555555556,24,24,32,500,0.004,0.002,0.29,0.0,0.005,0.005,10000000.0,2.0,1.0,900.0,20.0
95,460.0,0.0,0.4611557011376135,0.0017263975369497988,0.0,47.609964557093384,0.03874888696415844,0.7717391304347826,24,24,32,500,0.004,0.002,0.29,0.0,0.005,0.005,10000000.0,2.0,1.0,920.0,20.0
96,470.0,0.0,0.17681798800913384,0.004460962154065634,0.0,48.214802424241356,0.06539125320734486,0.7702127659574468,24,24,32,500,0.004,0.002,0.29,0.0,0.005,0.005,10000000.0,2.0,1.0,940.0,20.0
97,480.0,0.0,0.06802056036394788,0.002053050330076922,0.0,47.86741819741944,0.025993730087160334,0.7729166666666667,24,24,32,500,0.004,0.002,0.29,0.0,0.005,0.005,10000000.0,2.0,1.0,960.0,20.0
98,490.0,0.0,1.8937958648966742,0.0015727893873768294,0.0,47.96649660048573,0.051585645845920236,0.7714285714285715,24,24,32,500,0.004,0.002,0.29,0.0,0.005,0.005,10000000.0,2.0,1.0,980.0,20.0
99,500.0,0.0,0.03242885912186466,0.002040201603715993,0.0,48.47303171244792,0.04715398169844171,0.77,24,24,32,500,0.004,0.002,0.29,0.0,0.005,0.005,10000000.0,2.0,1.0,1000.0,20.0
100,510.0,0.0,-0.9936097038371372,0.005386865982514124,0.0,48.44388849306722,0.05946930341849894,0.7745098039215687,24,24,32,500,0.004,0.002,0.29,0.0,0.005,0.005,10000000.0,2.0,1.0,1020.0,20.0
101,520.0,0.0,0.3668205196081544,0.002919015322903549,0.0,47.87108589896228,0.06247288009083732,0.7692307692307693,24,24,32,500,0.004,0.002,0.29,0.0,0.005,0.005,10000000.0,2.0,1.0,1040.0,20.0
102,530.0,0.0,0.06333443956100382,0.005192986466603845,0.0,48.08642488632702,0.05242041008480971,0.7716981132075472,24,24,32,500,0.004,0.002,0.29,0.0,0.005,0.005,10000000.0,2.0,1.0,1060.0,20.0
103,540.0,0.0,-0.1235967184547917,0.0023744906853512436,0.0,48.0276447955042,0.06022804454131159,0.7666666666666667,24,24,32,500,0.004,0.002,0.29,0.0,0.005,0.005,10000000.0,2.0,1.0,1080.0,20.0
104,550.0,0.0,0.9993972108568414,0.0031373373094167535,0.0,48.2325780650377,0.032270023461198116,0.7654545454545455,24,24,32,500,0.004,0.002,0.29,0.0,0.005,0.005,10000000.0,2.0,1.0,1100.0,20.0
105,560.0,0.0,-0.29899326465965714,0.00404039966490288,0.0,48.11896593738134,0.05661000477065178,0.7678571428571429,24,24,32,500,0.004,0.002,0.29,0.0,0.005,0.005,10000000.0,2.0,1.0,1120.0,20.0
106,570.0,0.0,1.1035192101844586,0.005278081082342345,0.0,48.374548327740364,0.03242180579192144,0.7631578947368421,24,24,32,500,0.004,0.002,0.29,0.0,0.005,0.005,10000000.0,2.0,1.0,1140.0,20.0
107,580.0,0.0,0.7379077847945155,0.003930206359617539,0.0,48.431434658435236,0.039102463574051866,0.7620689655172413,24,24,32,500,0.004,0.002,0.29,0.0,0.005,0.005,10000000.0,2.0,1.0,1160.0,20.0
108,590.0,0.0,1.2917083985666977,0.002852885778080004,0.0,48.26120743572422,0.044568552429620344,0.764406779661017,24,24,32,500,0.004,0.002,0.29,0.0,0.005,0.005,10000000.0,2.0,1.0,1180.0,20.0
109,600.0,0.0,0.43776867077394854,0.004211060489725265,0.0,48.01745896014588,0.057764634702972634,0.7633333333333333,24,24,32,500,0.004,0.002,0.29,0.0,0.005,0.005,10000000.0,2.0,1.0,1200.0,20.0
110,610.0,0.0,0.17743418879399542,0.0038810459626008034,0.0,47.817109248423854,0.05076575772029706,0.760655737704918,24,24,32,500,0.004,0.002,0.29,0.0,0.005,0.005,10000000.0,2.0,1.0,1220.0,20.0
111,620.0,0.0,1.158621108144871,0.005303013961163076,0.0,48.00970769169231,0.029957213410089,0.7596774193548387,24,24,32,500,0.004,0.002,0.29,0.0,0.005,0.005,10000000.0,2.0,1.0,1240.0,20.0
112,630.0,0.0,-0.33518942363298265,0.0028632625389600143,0.0,48.15189307778573,0.035752764118564415,0.7619047619047619,24,24,32,500,0.004,0.002,0.29,0.0,0.005,0.005,10000000.0,2.0,1.0,1260.0,20.0
113,640.0,0.0,0.35320341249462217,0.002434114314083134,0.0,47.87278335989124,0.05745562968050996,0.7625,24,24,32,500,0.004,0.002,0.29,0.0,0.005,0.005,10000000.0,2.0,1.0,1280.0,20.0
114,650.0,0.0,1.4730015248278505,0.0038465957683855635,0.0,48.249590384394395,0.03233868343391342,0.7584615384615384,24,24,32,500,0.004,0.002,0.29,0.0,0.005,0.005,10000000.0,2.0,1.0,1300.0,20.0
115,660.0,0.0,0.5958699428520049,0.004011951225196697,0.0,47.443311084802154,0.04145438538088322,0.7560606060606061,24,24,32,500,0.004,0.002,0.29,0.0,0.005,0.005,10000000.0,2.0,1.0,1320.0,20.0
116,670.0,0.0,5.005295541945088,0.003529909902831612,0.0,47.97416386586787,0.043574700548965145,0.7522388059701492,24,24,32,500,0.004,0.002,0.29,0.0,0.005,0.005,10000000.0,2.0,1.0,1340.0,20.0
117,680.0,0.0,-0.3609105186042143,0.0029915029468528974,0.0,47.82783586819288,0.05735287332947689,0.7544117647058823,24,24,32,500,0.004,0.002,0.29,0.0,0.005,0.005,10000000.0,2.0,1.0,1360.0,20.0
118,690.0,0.0,1.5839101357778418,0.0021639381089170796,0.0,48.02665482147649,0.03601383822689498,0.7536231884057971,24,24,32,500,0.004,0.002,0.29,0.0,0.005,0.005,10000000.0,2.0,1.0,1380.0,20.0
119,700.0,0.0,0.5400744012658834,0.005022303601131756,0.0,48.21123180647214,0.035898920211996956,0.7514285714285714,24,24,32,500,0.004,0.002,0.29,0.0,0.005,0.005,10000000.0,2.0,1.0,1400.0,20.0
120,710.0,0.0,0.6812744889321038,0.004304500599646588,0.0,48.35536158686668,0.028175617771735138,0.7507042253521127,24,24,32,500,0.004,0.002,0.29,0.0,0.005,0.005,10000000.0,2.0,1.0,1420.0,20.0
121,720.0,0.0,2.9173658403160516,0.003195424565546208,0.0,48.567302360175525,0.030793983102699183,0.75,24,24,32,500,0.004,0.002,0.29,0.0,0.005,0.005,10000000.0,2.0,1.0,1440.0,20.0
122,730.0,0.0,-0.15343201680661878,0.004858993080348803,0.0,47.93697606082892,0.027218858813982155,0.7493150684931507,24,24,32,500,0.004,0.002,0.29,0.0,0.005,0.005,10000000.0,2.0,1.0,1460.0,20.0
123,740.0,0.0,0.8095247990786447,0.004301185903861298,0.0,48.42638002364491,0.04973853588402453,0.7472972972972973,24,24,32,500,0.004,0.002,0.29,0.0,0.005,0.005,10000000.0,2.0,1.0,1480.0,20.0
124,750.0,0.0,-1.0003363208888914,0.004173364146338787,0.0,47.71853780723876,0.028408685412474384,0.7466666666666667,24,24,32,500,0.004,0.002,0.29,0.0,0.005,0.005,10000000.0,2.0,1.0,1500.0,20.0
125,760.0,0.0,0.5133615822196589,0.004889658769766983,0.0,48.10947447990182,0.02848937952868222,0.7447368421052631,24,24,32,500,0.004,0.002,0.29,0.0,0.005,0.005,10000000.0,2.0,1.0,1520.0,20.0
126,770.0,0.0,-0.008136779099004343,0.004208365632499829,0.0,47.912240959556776,0.049515739275359204,0.7480519480519481,24,24,32,500,0.004,0.002,0.29,0.0,0.005,0.005,10000000.0,2.0,1.0,1540.0,20.0
127,780.0,0.0,-0.0990009593515424,0.0041666367836798125,0.0,47.955512320337824,0.03182116911656688,0.75,24,24,32,500,0.004,0.002,0.29,0.0,0.005,0.005,10000000.0,2.0,1.0,1560.0,20.0
128,790.0,0.0,4.15516778203164,0.005393026095884166,0.0,48.01914072037588,0.027376526439847823,0.7481012658227848,24,24,32,500,0.004,0.002,0.29,0.0,0.005,0.005,10000000.0,2.0,1.0,1580.0,20.0
129,800.0,0.0,0.1400033790123416,0.001689872880567558,0.0,47.77810338954472,0.07623165128333251,0.74875,24,24,32,500,0.004,0.002,0.29,0.0,0.005,0.005,10000000.0,2.0,1.0,1600.0,20.0
130,810.0,0.0,-0.3640125511883525,0.00468022004768984,0.0,48.12697080910758,0.051489157107653775,0.7493827160493827,24,24,32,500,0.004,0.002,0.29,0.0,0.005,0.005,10000000.0,2.0,1.0,1620.0,20.0
131,820.0,0.0,-0.30691829064744525,0.002022919407076847,0.0,48.50254245547479,0.05007717725937169,0.748780487804878,24,24,32,500,0.004,0.002,0.29,0.0,0.005,0.005,10000000.0,2.0,1.0,1640.0,20.0
132,830.0,0.0,0.29567952938668896,0.0051553533382903095,0.0,47.605097749265376,0.04701698268415958,0.7481927710843373,24,24,32,500,0.004,0.002,0.29,0.0,0.005,0.005,10000000.0,2.0,1.0,1660.0,20.0
133,840.0,0.0,-0.10814386623678729,0.0020671875389654754,0.0,48.2553695274033,0.042456351821548555,0.7476190476190476,24,24,32,500,0.004,0.002,0.29,0.0,0.005,0.005,10000000.0,2.0,1.0,1680.0,20.0
134,850.0,0.0,-0.2280853329502861,0.005433087092766431,0.0,47.69453408793319,0.031117652286054526,0.7458823529411764,24,24,32,500,0.004,0.002,0.29,0.0,0.005,0.005,10000000.0,2.0,1.0,1700.0,20.0
135,860.0,0.0,0.3611420112720225,0.003274670657534627,0.0,48.24627003798336,0.05545827542010622,0.7418604651162791,24,24,32,500,0.004,0.002,0.29,0.0,0.005,0.005,10000000.0,2.0,1.0,1720.0,20.0
136,870.0,0.0,0.5538100235717138,0.003474479297180229,0.0,48.010856876571054,0.03704259484297204,0.7413793103448276,24,24,32,500,0.004,0.002,0.29,0.0,0.005,0.005,10000000.0,2.0,1.0,1740.0,20.0
137,880.0,0.0,1.8490236656434718,0.003054685819039502,0.0,48.15514508941747,0.03254098776230299,0.740909090909091,24,24,32,500,0.004,0.002,0.29,0.0,0.005,0.005,10000000.0,2.0,1.0,1760.0,20.0
138,890.0,0.0,-0.3126163374108728,0.004117619540314723,0.0,48.20950104634334,0.032118633317506105,0.7415730337078652,24,24,32,500,0.004,0.002,0.29,0.0,0.005,0.005,10000000.0,2.0,1.0,1780.0,20.0
139,900.0,0.0,1.5306687080374104,0.0020604992931518807,0.0,48.01142853540963,0.0300484204930836,0.7411111111111112,24,24,32,500,0.004,0.002,0.29,0.0,0.005,0.005,10000000.0,2.0,1.0,1800.0,20.0
140,910.0,0.0,-0.45295160278328694,0.004857547002834609,0.0,47.991511443601766,0.039165018076555515,0.7406593406593407,24,24,32,500,0.004,0.002,0.29,0.0,0.005,0.005,10000000.0,2.0,1.0,1820.0,20.0
141,920.0,0.0,-0.11012906146788737,0.004154560005594266,0.0,47.585725607993226,0.041064487539301094,0.7434782608695653,24,24,32,500,0.004,0.002,0.29,0.0,0.005,0.005,10000000.0,2.0,1.0,1840.0,20.0
142,930.0,0.0,0.3033182619328727,0.0036109552809184204,0.0,48.11812744922968,0.031223868877070866,0.7451612903225806,24,24,32,500,0.004,0.002,0.29,0.0,0.005,0.005,10000000.0,2.0,1.0,1860.0,20.0
143,940.0,0.0,-0.5620184825602337,0.0025674223682763033,0.0,48.21187977627606,0.04996200247388141,0.7457446808510638,24,24,32,500,0.004,0.002,0.29,0.0,0.005,0.005,10000000.0,2.0,1.0,1880.0,20.0
144,950.0,0.0,0.10101237041817512,0.004643141089225466,0.0,48.02056549693187,0.033896675377251696,0.7431578947368421,24,24,32,500,0.004,0.002,0.29,0.0,0.005,0.005,10000000.0,2.0,1.0,1900.0,20.0
145,960.0,0.0,0.5716478050017031,0.0033588248673245,0.0,48.44263440795835,0.03750361621171144,0.7427083333333333,24,24,32,500,0.004,0.002,0.29,0.0,0.005,0.005,10000000.0,2.0,1.0,1920.0,20.0
146,970.0,0.0,0.34358548151067225,0.002579895605076169,0.0,48.02581997017187,0.0420464038653105,0.7402061855670103,24,24,32,500,0.004,0.002,0.29,0.0,0.005,0.005,10000000.0,2.0,1.0,1940.0,20.0
147,980.0,0.0,-0.20978627097065328,0.00478297112169023,0.0,48.33694835480566,0.03405340865974585,0.7418367346938776,24,24,32,500,0.004,0.002,0.29,0.0,0.005,0.005,10000000.0,2.0,1.0,1960.0,20.0
148,990.0,0.0,0.10352336234063841,0.004672213190035108,0.0,47.80270847507251,0.04801691411839969,0.7434343434343434,24,24,32,500,0.004,0.002,0.29,0.0,0.005,0.005,10000000.0,2.0,1.0,1980.0,20.0
149,1000.0,0.0,0.32907759631052613,0.001276423436503266,0.0,48.281801271037615,0.04698083737423605,0.741,24,24,32,500,0.004,0.002,0.29,0.0,0.005,0.005,10000000.0,2.0,1.0,2000.0,20.0
150,1010.0,0.0,1.0275034927108209,0.005613012237391763,0.0,48.17678566887336,0.07889703874146146,0.7415841584158416,24,24,32,500,0.004,0.002,0.29,0.0,0.005,0.005,10000000.0,2.0,1.0,2020.0,20.0
151,1020.0,0.0,0.21044576831627637,0.003447523435675406,0.0,47.955587849398306,0.05149152996809295,0.7421568627450981,24,24,32,500,0.004,0.002,0.29,0.0,0.005,0.005,10000000.0,2.0,1.0,2040.0,20.0
152,1030.0,0.0,5.013564319357101,0.002526617141495232,0.0,47.69679804987425,0.043368144169475126,0.7427184466019418,24,24,32,500,0.004,0.002,0.29,0.0,0.005,0.005,10000000.0,2.0,1.0,2060.0,20.0
153,1040.0,0.0,0.41228192691050936,0.0003479840537366281,0.0,47.68704010498522,0.043182476303543806,0.7423076923076923,24,24,32,500,0.004,0.002,0.29,0.0,0.005,0.005,10000000.0,2.0,1.0,2080.0,20.0
154,1050.0,0.0,1.1913688692075084,0.0036728057547032907,0.0,48.061412906918505,0.04043128653287658,0.7428571428571429,24,24,32,500,0.004,0.002,0.29,0.0,0.005,0.005,10000000.0,2.0,1.0,2100.0,20.0
155,1060.0,0.0,-0.681664524556254,0.005381217828583416,0.0,48.253870399747605,0.047672881100357056,0.7433962264150943,24,24,32,500,0.004,0.002,0.29,0.0,0.005,0.005,10000000.0,2.0,1.0,2120.0,20.0
156,1070.0,0.0,0.21727633164118743,0.003981684800083796,0.0,48.12828239822599,0.04686099167842769,0.7429906542056075,24,24,32,500,0.004,0.002,0.29,0.0,0.005,0.005,10000000.0,2.0,1.0,2140.0,20.0
157,1080.0,0.0,-0.9652148275272339,0.004448333461224305,0.0,48.2779530869181,0.0332145429055563,0.7435185185185185,24,24,32,500,0.004,0.002,0.29,0.0,0.005,0.005,10000000.0,2.0,1.0,2160.0,20.0
158,1090.0,0.0,1.2863205171961454,0.002996722709845829,0.0,48.394218126087516,0.04824080271982386,0.744954128440367,24,24,32,500,0.004,0.002,0.29,0.0,0.005,0.005,10000000.0,2.0,1.0,2180.0,20.0
159,1100.0,0.0,0.6492611701760325,0.0032574477448051955,0.0,48.01180030691065,0.04872511735741571,0.7436363636363637,24,24,32,500,0.004,0.002,0.29,0.0,0.005,0.005,10000000.0,2.0,1.0,2200.0,20.0
160,1110.0,0.0,0.052984056710556615,0.0006066001812560612,0.0,47.92035393791643,0.038027408705104314,0.7441441441441441,24,24,32,500,0.004,0.002,0.29,0.0,0.005,0.005,10000000.0,2.0,1.0,2220.0,20.0
161,1120.0,0.0,0.1469783479333273,0.0035762316187258614,0.0,47.754239981857054,0.051327349665263845,0.7446428571428572,24,24,32,500,0.004,0.002,0.29,0.0,0.005,0.005,10000000.0,2.0,1.0,2240.0,20.0
162,1130.0,0.0,-0.1328829377744114,0.004980778915346164,0.0,47.89277434289222,0.03442015175305433,0.7415929203539823,24,24,32,500,0.004,0.002,0.29,0.0,0.005,0.005,10000000.0,2.0,1.0,2260.0,20.0
163,1140.0,0.0,-0.260719973979576,0.004899989101009635,0.0,48.150280738062655,0.03795605574601158,0.7421052631578947,24,24,32,500,0.004,0.002,0.29,0.0,0.005,0.005,10000000.0,2.0,1.0,2280.0,20.0
164,1150.0,0.0,-0.0772233439856791,0.004669728238134181,0.0,47.831639712127455,0.049070778375266355,0.7417391304347826,24,24,32,500,0.004,0.002,0.29,0.0,0.005,0.005,10000000.0,2.0,1.0,2300.0,20.0
165,1160.0,0.0,0.07357375842548208,0.0025878925518096623,0.0,47.98941243434611,0.05057188506862978,0.743103448275862,24,24,32,500,0.004,0.002,0.29,0.0,0.005,0.005,10000000.0,2.0,1.0,2320.0,20.0
166,1170.0,0.0,0.4175869554383098,0.0018774683041827675,0.0,48.23309984525633,0.032091622895770805,0.7435897435897436,24,24,32,500,0.004,0.002,0.29,0.0,0.005,0.005,10000000.0,2.0,1.0,2340.0,20.0
167,1180.0,0.0,-1.1838761520266416,0.0046184298877180174,0.0,47.668628630216844,0.05914672809398601,0.7432203389830508,24,24,32,500,0.004,0.002,0.29,0.0,0.005,0.005,10000000.0,2.0,1.0,2360.0,20.0
168,1190.0,0.0,0.38078094561205944,0.0042253906159169016,0.0,48.33213243466932,0.030765083302934863,0.7420168067226891,24,24,32,500,0.004,0.002,0.29,0.0,0.005,0.005,10000000.0,2.0,1.0,2380.0,20.0
169,1200.0,0.0,-0.24695615827658912,0.004045362913174298,0.0,47.74952300445072,0.061645832319807775,0.7416666666666667,24,24,32,500,0.004,0.002,0.29,0.0,0.005,0.005,10000000.0,2.0,1.0,2400.0,20.0
170,1210.0,0.0,0.8345589623495471,0.0037739308719637334,0.0,47.805419675022556,0.050258333288151866,0.7413223140495868,24,24,32,500,0.004,0.002,0.29,0.0,0.005,0.005,10000000.0,2.0,1.0,2420.0,20.0
171,1220.0,0.0,0.06583590263471706,0.005063172188389125,0.0,47.7920278757078,0.0375943032954646,0.739344262295082,24,24,32,500,0.004,0.002,0.29,0.0,0.005,0.005,10000000.0,2.0,1.0,2440.0,20.0
172,1230.0,0.0,-0.647172302036779,0.00033209189882272194,0.0,48.52430323295849,0.048737705536784165,0.7390243902439024,24,24,32,500,0.004,0.002,0.29,0.0,0.005,0.005,10000000.0,2.0,1.0,2460.0,20.0
173,1240.0,0.0,-0.5468872408091556,0.0010964933845802759,0.0,47.818033822160665,0.060870068301366306,0.7387096774193549,24,24,32,500,0.004,0.002,0.29,0.0,0.005,0.005,10000000.0,2.0,1.0,2480.0,20.0
174,1250.0,0.0,0.34713733105309075,0.003640471383284316,0.0,47.80436614519372,0.03227267889484802,0.7392,24,24,32,500,0.004,0.002,0.29,0.0,0.005,0.005,10000000.0,2.0,1.0,2500.0,20.0
175,1260.0,0.0,-0.11552668838703539,0.0019578897888665268,0.0,47.95570444329361,0.042840847541126756,0.7404761904761905,24,24,32,500,0.004,0.002,0.29,0.0,0.005,0.005,10000000.0,2.0,1.0,2520.0,20.0
176,1270.0,0.0,1.6884787622402655,0.005474446386732721,0.0,48.27025020362069,0.026807210698449446,0.7377952755905511,24,24,32,500,0.004,0.002,0.29,0.0,0.005,0.005,10000000.0,2.0,1.0,2540.0,20.0
177,1280.0,0.0,3.3535140338135534,0.003926993710128863,0.0,47.6885584738341,0.04835945006160061,0.7375,24,24,32,500,0.004,0.002,0.29,0.0,0.005,0.005,10000000.0,2.0,1.0,2560.0,20.0
178,1290.0,0.0,0.05298339461296564,0.003851399979168656,0.0,48.201014287085435,0.05334230346046179,0.737984496124031,24,24,32,500,0.004,0.002,0.29,0.0,0.005,0.005,10000000.0,2.0,1.0,2580.0,20.0
179,1300.0,0.0,0.39224739745259285,0.003297007066952124,0.0,48.23688867737993,0.03360556778006884,0.7384615384615385,24,24,32,500,0.004,0.002,0.29,0.0,0.005,0.005,10000000.0,2.0,1.0,2600.0,20.0
180,1310.0,0.0,-0.28232063988252776,0.0026384820692475263,0.0,48.12318252611991,0.03397020417515878,0.7396946564885496,24,24,32,500,0.004,0.002,0.29,0.0,0.005,0.005,10000000.0,2.0,1.0,2620.0,20.0
181,1320.0,0.0,-0.7028290759335505,0.005298326008784945,0.0,48.082475057949424,0.06233151238802586,0.7386363636363636,24,24,32,500,0.004,0.002,0.29,0.0,0.005,0.005,10000000.0,2.0,1.0,2640.0,20.0
182,1330.0,0.0,0.3902948638497037,0.0012954195543796788,0.0,47.93863135460896,0.05437157300074677,0.737593984962406,24,24,32,500,0.004,0.002,0.29,0.0,0.005,0.005,10000000.0,2.0,1.0,2660.0,20.0
183,1340.0,0.0,0.8658569848557818,0.0018778537529780626,0.0,48.32122705084302,0.03980112015862732,0.7365671641791045,24,24,32,500,0.004,0.002,0.29,0.0,0.005,0.005,10000000.0,2.0,1.0,2680.0,20.0
184,1350.0,0.0,0.3846355228233733,0.0013594228816870436,0.0,47.953657539924365,0.06278751222805819,0.7355555555555555,24,24,32,500,0.004,0.002,0.29,0.0,0.005,0.005,10000000.0,2.0,1.0,2700.0,20.0
185,1360.0,0.0,0.43909404119767714,0.002916390082848741,0.0,48.52089817727867,0.06131379557158653,0.7360294117647059,24,24,32,500,0.004,0.002,0.29,0.0,0.005,0.005,10000000.0,2.0,1.0,2720.0,20.0
186,1370.0,0.0,-0.31030921522324206,0.002580661982581356,0.0,47.84706480136095,0.06574070399507866,0.7357664233576642,24,24,32,500,0.004,0.002,0.29,0.0,0.005,0.005,10000000.0,2.0,1.0,2740.0,20.0
187,1380.0,0.0,0.7841107849089894,0.0035019342862955454,0.0,48.38897790239181,0.06021661498165495,0.7355072463768116,24,24,32,500,0.004,0.002,0.29,0.0,0.005,0.005,10000000.0,2.0,1.0,2760.0,20.0
188,1390.0,0.0,-0.181812450849975,0.005016760800990953,0.0,48.31556620138611,0.03631561460461445,0.7366906474820144,24,24,32,500,0.004,0.002,0.29,0.0,0.005,0.005,10000000.0,2.0,1.0,2780.0,20.0
189,1400.0,0.0,-0.0446191073715454,0.0020468488085955833,0.0,48.104763628928296,0.030006408905805304,0.7371428571428571,24,24,32,500,0.004,0.002,0.29,0.0,0.005,0.005,10000000.0,2.0,1.0,2800.0,20.0
190,1410.0,0.0,0.1734177756079589,0.004067951758852098,0.0,47.93667516276661,0.051451871621403175,0.7375886524822695,24,24,32,500,0.004,0.002,0.29,0.0,0.005,0.005,10000000.0,2.0,1.0,2820.0,20.0
191,1420.0,0.0,4.659869404342317,0.004225403667178912,0.0,47.498106369556574,0.04174822333081965,0.7387323943661972,24,24,32,500,0.004,0.002,0.29,0.0,0.005,0.005,10000000.0,2.0,1.0,2840.0,20.0
192,1430.0,0.0,-0.052812870089837816,0.004462578318105371,0.0,47.7784257544794,0.04440439313180733,0.7398601398601399,24,24,32,500,0.004,0.002,0.29,0.0,0.005,0.005,10000000.0,2.0,1.0,2860.0,20.0
193,1440.0,0.0,0.4226156645527226,0.003841039758869978,0.0,47.92936506540494,0.04868751414485938,0.7381944444444445,24,24,32,500,0.004,0.002,0.29,0.0,0.005,0.005,10000000.0,2.0,1.0,2880.0,20.0
194,1450.0,0.0,7561.875415764189,0.0029745850051639197,0.0,48.48600139052379,0.03915729955700224,0.7386206896551725,24,24,32,500,0.004,0.002,0.29,0.0,0.005,0.005,10000000.0,2.0,1.0,2900.0,20.0
195,1460.0,0.0,0.013702838201425038,0.002750135051725421,0.0,47.90784030411628,0.044200460999372054,0.7376712328767123,24,24,32,500,0.004,0.002,0.29,0.0,0.005,0.005,10000000.0,2.0,1.0,2920.0,20.0
196,1470.0,0.0,-0.651668794809666,0.004805577291006698,0.0,47.94143235556763,0.03763720495431522,0.7387755102040816,24,24,32,500,0.004,0.002,0.29,0.0,0.005,0.005,10000000.0,2.0,1.0,2940.0,20.0
197,1480.0,0.0,-0.2624560821277555,0.003150280241867623,0.0,47.84846856752573,0.03904621981083509,0.7398648648648649,24,24,32,500,0.004,0.002,0.29,0.0,0.005,0.005,10000000.0,2.0,1.0,2960.0,20.0
198,1490.0,0.0,-0.08089627275330713,0.001513456564910713,0.0,47.822113394454874,0.03448155846313518,0.7389261744966443,24,24,32,500,0.004,0.002,0.29,0.0,0.005,0.005,10000000.0,2.0,1.0,2980.0,20.0
199,1500.0,0.0,4.9900677151817945,0.005297832179597279,0.0,47.628626580103,0.047954359208215315,0.7386666666666667,24,24,32,500,0.004,0.002,0.29,0.0,0.005,0.005,10000000.0,2.0,1.0,3000.0,20.0
200,1510.0,0.0,10.904328271142731,0.003674520272654818,0.0,48.34996861079261,0.03361337507734417,0.7390728476821192,24,24,32,500,0.004,0.002,0.29,0.0,0.005,0.005,10000000.0,2.0,1.0,3020.0,20.0
201,1520.0,0.0,-0.3547268773254473,0.0049228820218099245,0.0,48.15881599276514,0.03037471514596419,0.7394736842105263,24,24,32,500,0.004,0.002,0.29,0.0,0.005,0.005,10000000.0,2.0,1.0,3040.0,20.0
202,1530.0,0.0,0.318993345463241,0.004127192471584311,0.0,48.03855898683905,0.031696553898258456,0.7379084967320262,24,24,32,500,0.004,0.002,0.29,0.0,0.005,0.005,10000000.0,2.0,1.0,3060.0,20.0
203,1540.0,0.0,0.4945873042161111,0.003747590550005802,0.0,48.328583912027966,0.04210087741960129,0.737012987012987,24,24,32,500,0.004,0.002,0.29,0.0,0.005,0.005,10000000.0,2.0,1.0,3080.0,20.0
204,1550.0,0.0,0.9090146733506117,0.0043192289881212355,0.0,48.53476163704551,0.030079178263772068,0.7354838709677419,24,24,32,500,0.004,0.002,0.29,0.0,0.005,0.005,10000000.0,2.0,1.0,3100.0,20.0
205,1560.0,0.0,-0.6919709964931826,0.0032160372695906854,0.0,48.282194143586366,0.04641420915229846,0.735897435897436,24,24,32,500,0.004,0.002,0.29,0.0,0.005,0.005,10000000.0,2.0,1.0,3120.0,20.0
206,1570.0,0.0,0.26507299128570594,0.0038248798102448016,0.0,47.92745692687875,0.043956398357956686,0.7350318471337579,24,24,32,500,0.004,0.002,0.29,0.0,0.005,0.005,10000000.0,2.0,1.0,3140.0,20.0
207,1580.0,0.0,-0.2093935467491974,0.0028478883022951236,0.0,47.886219323571744,0.04902033923690411,0.7341772151898734,24,24,32,500,0.004,0.002,0.29,0.0,0.005,0.005,10000000.0,2.0,1.0,3160.0,20.0
208,1590.0,0.0,0.47391065617557615,0.003232045944485187,0.0,48.25528832658304,0.04400775614198136,0.7339622641509433,24,24,32,500,0.004,0.002,0.29,0.0,0.005,0.005,10000000.0,2.0,1.0,3180.0,20.0
209,1600.0,0.0,0.30788191223109607,0.0012596988683057308,0.0,47.90437910604869,0.048218595096058164,0.73375,24,24,32,500,0.004,0.002,0.29,0.0,0.005,0.005,10000000.0,2.0,1.0,3200.0,20.0
210,1610.0,0.0,1.8677310976636363,0.0021109942353422333,0.0,48.17032360757397,0.04465527294677604,0.7329192546583851,24,24,32,500,0.004,0.002,0.29,0.0,0.005,0.005,10000000.0,2.0,1.0,3220.0,20.0
211,1620.0,0.0,-0.851925725597539,0.003700749639887666,0.0,47.74730245093694,0.05850806905015371,0.7327160493827161,24,24,32,500,0.004,0.002,0.29,0.0,0.005,0.005,10000000.0,2.0,1.0,3240.0,20.0
212,1630.0,0.0,0.4380669664751622,0.0024948378272795016,0.0,47.79445145919528,0.02193941559561425,0.7325153374233129,24,24,32,500,0.004,0.002,0.29,0.0,0.005,0.005,10000000.0,2.0,1.0,3260.0,20.0
213,1640.0,0.0,0.7853699565166607,6.356637749482419e-05,0.0,47.86664934541045,0.05218296668015491,0.7323170731707317,24,24,32,500,0.004,0.002,0.29,0.0,0.005,0.005,10000000.0,2.0,1.0,3280.0,20.0
214,1650.0,0.0,0.25943073230882874,0.0037073945551837854,0.0,47.68123790339684,0.03393252578385117,0.7321212121212122,24,24,32,500,0.004,0.002,0.29,0.0,0.005,0.005,10000000.0,2.0,1.0,3300.0,20.0
215,1660.0,0.0,-0.40770968408469344,0.004291134797820093,0.0,47.73137165481988,0.028138596913708267,0.7325301204819277,24,24,32,500,0.004,0.002,0.29,0.0,0.005,0.005,10000000.0,2.0,1.0,3320.0,20.0
216,1670.0,0.0,0.22926717983500566,0.00296914015050891,0.0,48.086263852241856,0.031191360502818028,0.7323353293413174,24,24,32,500,0.004,0.002,0.29,0.0,0.005,0.005,10000000.0,2.0,1.0,3340.0,20.0
217,1680.0,0.0,0.21762342254078249,0.0025531261086150186,0.0,47.892271564384735,0.054703682375680324,0.7333333333333333,24,24,32,500,0.004,0.002,0.29,0.0,0.005,0.005,10000000.0,2.0,1.0,3360.0,20.0
218,1690.0,0.0,0.5949822395850788,0.00466090857456555,0.0,48.53609805074584,0.04296001656690575,0.7319526627218935,24,24,32,500,0.004,0.002,0.29,0.0,0.005,0.005,10000000.0,2.0,1.0,3380.0,20.0
219,1700.0,0.0,-0.6479177824294311,0.005100737639309294,0.0,48.34746243804389,0.036152664831561196,0.7323529411764705,24,24,32,500,0.004,0.002,0.29,0.0,0.005,0.005,10000000.0,2.0,1.0,3400.0,20.0
220,1710.0,0.0,0.5114218154994887,0.0028181759877047596,0.0,47.733981921776895,0.04954385911776393,0.7309941520467836,24,24,32,500,0.004,0.002,0.29,0.0,0.005,0.005,10000000.0,2.0,1.0,3420.0,20.0
221,1720.0,0.0,0.19859789068141254,0.0011283971530066444,0.0,47.53472256571924,0.033903154305735955,0.7308139534883721,24,24,32,500,0.004,0.002,0.29,0.0,0.005,0.005,10000000.0,2.0,1.0,3440.0,20.0
222,1730.0,0.0,7.081195706552535,0.0005768898331822254,0.0,48.09336001032138,0.0414448944116678,0.730635838150289,24,24,32,500,0.004,0.002,0.29,0.0,0.005,0.005,10000000.0,2.0,1.0,3460.0,20.0
223,1740.0,0.0,-0.40902491819724673,0.004524512869495915,0.0,48.27073252843551,0.04657280316985039,0.7298850574712644,24,24,32,500,0.004,0.002,0.29,0.0,0.005,0.005,10000000.0,2.0,1.0,3480.0,20.0
224,1750.0,0.0,0.08980803091981215,0.004910777533332709,0.0,47.52865937828758,0.05218820653318248,0.7308571428571429,24,24,32,500,0.004,0.002,0.29,0.0,0.005,0.005,10000000.0,2.0,1.0,3500.0,20.0
225,1760.0,0.0,-1.4265245840433636,0.0036360529295049768,0.0,48.360307610347526,0.024129258525638093,0.73125,24,24,32,500,0.004,0.002,0.29,0.0,0.005,0.005,10000000.0,2.0,1.0,3520.0,20.0
226,1770.0,0.0,0.44456701842864277,0.005070951398315031,0.0,47.61218340751733,0.03240712290665436,0.731638418079096,24,24,32,500,0.004,0.002,0.29,0.0,0.005,0.005,10000000.0,2.0,1.0,3540.0,20.0
227,1780.0,0.0,0.17854778908076696,0.002855883556423615,0.0,48.263372733359624,0.05267536499920445,0.7320224719101124,24,24,32,500,0.004,0.002,0.29,0.0,0.005,0.005,10000000.0,2.0,1.0,3560.0,20.0
228,1790.0,0.0,0.3811402739593177,0.005193331210533119,0.0,47.63581602054404,0.038340615539480975,0.7329608938547486,24,24,32,500,0.004,0.002,0.29,0.0,0.005,0.005,10000000.0,2.0,1.0,3580.0,20.0
229,1800.0,0.0,0.1556010146960034,0.001973342735447494,0.0,48.097620023056976,0.03802702116390299,0.7322222222222222,24,24,32,500,0.004,0.002,0.29,0.0,0.005,0.005,10000000.0,2.0,1.0,3600.0,20.0
230,1810.0,0.0,1.1822344524116488,0.0023752417583525406,0.0,48.46814627689989,0.05130099846397788,0.7320441988950276,24,24,32,500,0.004,0.002,0.29,0.0,0.005,0.005,10000000.0,2.0,1.0,3620.0,20.0
231,1820.0,0.0,12.765471936261747,0.0037627302151685884,0.0,47.930771383528885,0.041421469727884914,0.7324175824175824,24,24,32,500,0.004,0.002,0.29,0.0,0.005,0.005,10000000.0,2.0,1.0,3640.0,20.0
232,1830.0,0.0,0.055589045921806246,0.004018272694729274,0.0,47.9821701658908,0.04307381080410284,0.7316939890710382,24,24,32,500,0.004,0.002,0.29,0.0,0.005,0.005,10000000.0,2.0,1.0,3660.0,20.0
233,1840.0,0.0,0.18801256822916912,0.0037225149651530266,0.0,47.73518859245673,0.04098773758069937,0.7309782608695652,24,24,32,500,0.004,0.002,0.29,0.0,0.005,0.005,10000000.0,2.0,1.0,3680.0,20.0
234,1850.0,0.0,6.547215916863934,0.004796436341419495,0.0,47.959289254806954,0.038808429557237414,0.7291891891891892,24,24,32,500,0.004,0.002,0.29,0.0,0.005,0.005,10000000.0,2.0,1.0,3700.0,20.0
235,1860.0,0.0,0.4691689311803202,0.004106178804385182,0.0,48.50134413724278,0.03440442663066381,0.7279569892473118,24,24,32,500,0.004,0.002,0.29,0.0,0.005,0.005,10000000.0,2.0,1.0,3720.0,20.0
236,1870.0,0.0,1.0105084991882904,0.004529558836952066,0.0,47.5492567010497,0.035213415931864084,0.7283422459893049,24,24,32,500,0.004,0.002,0.29,0.0,0.005,0.005,10000000.0,2.0,1.0,3740.0,20.0
237,1880.0,0.0,0.11252849586890079,0.0033312268568067146,0.0,47.72992463495353,0.029757515301736703,0.7292553191489362,24,24,32,500,0.004,0.002,0.29,0.0,0.005,0.005,10000000.0,2.0,1.0,3760.0,20.0
238,1890.0,0.0,-0.5327998759457842,0.002478547659874538,0.0,48.12989823292136,0.04148860238152225,0.7285714285714285,24,24,32,500,0.004,0.002,0.29,0.0,0.005,0.005,10000000.0,2.0,1.0,3780.0,20.0
239,1900.0,0.0,-0.13771236591855995,0.004883365571763119,0.0,48.063811650237476,0.04828081530500265,0.7289473684210527,24,24,32,500,0.004,0.002,0.29,0.0,0.005,0.005,10000000.0,2.0,1.0,3800.0,20.0
240,1910.0,0.0,0.08605540069402196,0.004536886813317987,0.0,48.08770997181571,0.04355353367485773,0.7298429319371728,24,24,32,500,0.004,0.002,0.29,0.0,0.005,0.005,10000000.0,2.0,1.0,3820.0,20.0
241,1920.0,0.0,0.3799151866842294,0.004154549385203527,0.0,47.841310260960924,0.06277349315028237,0.7286458333333333,24,24,32,500,0.004,0.002,0.29,0.0,0.005,0.005,10000000.0,2.0,1.0,3840.0,20.0
242,1930.0,0.0,-0.1712188292585779,0.004663608231505583,0.0,47.7327855911521,0.04547667356237137,0.7290155440414507,24,24,32,500,0.004,0.002,0.29,0.0,0.005,0.005,10000000.0,2.0,1.0,3860.0,20.0
243,1940.0,0.0,-0.1946001177202561,0.002027309376432987,0.0,47.91860960028089,0.0323331058033903,0.7298969072164948,24,24,32,500,0.004,0.002,0.29,0.0,0.005,0.005,10000000.0,2.0,1.0,3880.0,20.0
244,1950.0,0.0,-0.46646502752264496,0.003159594353504844,0.0,47.36234642377139,0.05186977080268745,0.7292307692307692,24,24,32,500,0.004,0.002,0.29,0.0,0.005,0.005,10000000.0,2.0,1.0,3900.0,20.0
245,1960.0,0.0,-0.7529903533068136,0.0010400844280772066,0.0,47.84815335950807,0.028061803042141467,0.7280612244897959,24,24,32,500,0.004,0.002,0.29,0.0,0.005,0.005,10000000.0,2.0,1.0,3920.0,20.0
246,1970.0,0.0,-0.2505620528900181,0.0020611175118962657,0.0,48.438767302574554,0.052687379042587565,0.7284263959390863,24,24,32,500,0.004,0.002,0.29,0.0,0.005,0.005,10000000.0,2.0,1.0,3940.0,20.0
247,1980.0,0.0,0.29456948426377494,0.002888187369163064,0.0,48.05613920596771,0.029358637663437284,0.7282828282828283,24,24,32,500,0.004,0.002,0.29,0.0,0.005,0.005,10000000.0,2.0,1.0,3960.0,20.0
248,1990.0,0.0,0.15912073484651046,0.00475518578118332,0.0,47.87537609062,0.03386650627995116,0.7286432160804021,24,24,32,500,0.004,0.002,0.29,0.0,0.005,0.005,10000000.0,2.0,1.0,3980.0,20.0
249,2000.0,0.0,-0.3473885476269061,0.0017749991992422978,0.0,48.39209854219526,0.04594142593245549,0.7295,24,24,32,500,0.004,0.002,0.29,0.0,0.005,0.005,10000000.0,2.0,1.0,4000.0,20.0
